date,categorie,sous_categorie,quantite
2024-01-01,Internet Fixe,Rapido,6
2024-01-01,Internet Fixe,ADSL,1
2024-01-01,Internet Fixe,VDSL,7
2024-01-01,Internet Fixe,FO,10
2024-01-01,Internet Fixe,WAFI,4
2024-01-01,Internet Fixe,Box,16
2024-01-01,Mobile,Prepaye,20
2024-01-01,Mobile,Postpaye,10
2024-01-01,Mobile,Data,16
2024-01-02,Internet Fixe,Rapido,6
2024-01-02,Internet Fixe,ADSL,1
2024-01-02,Internet Fixe,VDSL,1
2024-01-02,Internet Fixe,FO,10
2024-01-02,Internet Fixe,WAFI,4
2024-01-02,Internet Fixe,Box,14
2024-01-02,Mobile,Prepaye,31
2024-01-02,Mobile,Postpaye,4
2024-01-02,Mobile,Data,12
2024-01-03,Internet Fixe,Rapido,5
2024-01-03,Internet Fixe,ADSL,0
2024-01-03,Internet Fixe,VDSL,3
2024-01-03,Internet Fixe,FO,8
2024-01-03,Internet Fixe,WAFI,4
2024-01-03,Internet Fixe,Box,21
2024-01-03,Mobile,Prepaye,21
2024-01-03,Mobile,Postpaye,15
2024-01-03,Mobile,Data,10
2024-01-04,Internet Fixe,Rapido,6
2024-01-04,Internet Fixe,ADSL,2
2024-01-04,Internet Fixe,VDSL,3
2024-01-04,Internet Fixe,FO,6
2024-01-04,Internet Fixe,WAFI,1
2024-01-04,Internet Fixe,Box,28
2024-01-04,Mobile,Prepaye,30
2024-01-04,Mobile,Postpaye,10
2024-01-04,Mobile,Data,21
2024-01-05,Internet Fixe,Rapido,4
2024-01-05,Internet Fixe,ADSL,0
2024-01-05,Internet Fixe,VDSL,4
2024-01-05,Internet Fixe,FO,8
2024-01-05,Internet Fixe,WAFI,4
2024-01-05,Internet Fixe,Box,28
2024-01-05,Mobile,Prepaye,25
2024-01-05,Mobile,Postpaye,16
2024-01-05,Mobile,Data,20
2024-01-06,Internet Fixe,Rapido,2
2024-01-06,Internet Fixe,ADSL,0
2024-01-06,Internet Fixe,VDSL,0
2024-01-06,Internet Fixe,FO,4
2024-01-06,Internet Fixe,WAFI,1
2024-01-06,Internet Fixe,Box,9
2024-01-06,Mobile,Prepaye,8
2024-01-06,Mobile,Postpaye,5
2024-01-06,Mobile,Data,7
2024-01-07,Internet Fixe,Rapido,3
2024-01-07,Internet Fixe,ADSL,1
2024-01-07,Internet Fixe,VDSL,2
2024-01-07,Internet Fixe,FO,5
2024-01-07,Internet Fixe,WAFI,2
2024-01-07,Internet Fixe,Box,10
2024-01-07,Mobile,Prepaye,11
2024-01-07,Mobile,Postpaye,4
2024-01-07,Mobile,Data,6
2024-01-08,Internet Fixe,Rapido,2
2024-01-08,Internet Fixe,ADSL,0
2024-01-08,Internet Fixe,VDSL,2
2024-01-08,Internet Fixe,FO,8
2024-01-08,Internet Fixe,WAFI,2
2024-01-08,Internet Fixe,Box,17
2024-01-08,Mobile,Prepaye,23
2024-01-08,Mobile,Postpaye,11
2024-01-08,Mobile,Data,9
2024-01-09,Internet Fixe,Rapido,5
2024-01-09,Internet Fixe,ADSL,1
2024-01-09,Internet Fixe,VDSL,4
2024-01-09,Internet Fixe,FO,13
2024-01-09,Internet Fixe,WAFI,4
2024-01-09,Internet Fixe,Box,19
2024-01-09,Mobile,Prepaye,29
2024-01-09,Mobile,Postpaye,16
2024-01-09,Mobile,Data,15
2024-01-10,Internet Fixe,Rapido,4
2024-01-10,Internet Fixe,ADSL,1
2024-01-10,Internet Fixe,VDSL,9
2024-01-10,Internet Fixe,FO,9
2024-01-10,Internet Fixe,WAFI,2
2024-01-10,Internet Fixe,Box,17
2024-01-10,Mobile,Prepaye,29
2024-01-10,Mobile,Postpaye,16
2024-01-10,Mobile,Data,14
2024-01-11,Internet Fixe,Rapido,6
2024-01-11,Internet Fixe,ADSL,2
2024-01-11,Internet Fixe,VDSL,6
2024-01-11,Internet Fixe,FO,10
2024-01-11,Internet Fixe,WAFI,1
2024-01-11,Internet Fixe,Box,14
2024-01-11,Mobile,Prepaye,29
2024-01-11,Mobile,Postpaye,15
2024-01-11,Mobile,Data,4
2024-01-12,Internet Fixe,Rapido,3
2024-01-12,Internet Fixe,ADSL,1
2024-01-12,Internet Fixe,VDSL,6
2024-01-12,Internet Fixe,FO,8
2024-01-12,Internet Fixe,WAFI,3
2024-01-12,Internet Fixe,Box,19
2024-01-12,Mobile,Prepaye,32
2024-01-12,Mobile,Postpaye,6
2024-01-12,Mobile,Data,14
2024-01-13,Internet Fixe,Rapido,2
2024-01-13,Internet Fixe,ADSL,1
2024-01-13,Internet Fixe,VDSL,4
2024-01-13,Internet Fixe,FO,3
2024-01-13,Internet Fixe,WAFI,0
2024-01-13,Internet Fixe,Box,9
2024-01-13,Mobile,Prepaye,11
2024-01-13,Mobile,Postpaye,8
2024-01-13,Mobile,Data,12
2024-01-14,Internet Fixe,Rapido,0
2024-01-14,Internet Fixe,ADSL,1
2024-01-14,Internet Fixe,VDSL,1
2024-01-14,Internet Fixe,FO,3
2024-01-14,Internet Fixe,WAFI,3
2024-01-14,Internet Fixe,Box,11
2024-01-14,Mobile,Prepaye,8
2024-01-14,Mobile,Postpaye,5
2024-01-14,Mobile,Data,5
2024-01-15,Internet Fixe,Rapido,3
2024-01-15,Internet Fixe,ADSL,1
2024-01-15,Internet Fixe,VDSL,5
2024-01-15,Internet Fixe,FO,9
2024-01-15,Internet Fixe,WAFI,8
2024-01-15,Internet Fixe,Box,18
2024-01-15,Mobile,Prepaye,18
2024-01-15,Mobile,Postpaye,15
2024-01-15,Mobile,Data,10
2024-01-16,Internet Fixe,Rapido,1
2024-01-16,Internet Fixe,ADSL,2
2024-01-16,Internet Fixe,VDSL,1
2024-01-16,Internet Fixe,FO,15
2024-01-16,Internet Fixe,WAFI,6
2024-01-16,Internet Fixe,Box,12
2024-01-16,Mobile,Prepaye,30
2024-01-16,Mobile,Postpaye,13
2024-01-16,Mobile,Data,15
2024-01-17,Internet Fixe,Rapido,3
2024-01-17,Internet Fixe,ADSL,0
2024-01-17,Internet Fixe,VDSL,7
2024-01-17,Internet Fixe,FO,4
2024-01-17,Internet Fixe,WAFI,1
2024-01-17,Internet Fixe,Box,17
2024-01-17,Mobile,Prepaye,28
2024-01-17,Mobile,Postpaye,14
2024-01-17,Mobile,Data,19
2024-01-18,Internet Fixe,Rapido,4
2024-01-18,Internet Fixe,ADSL,0
2024-01-18,Internet Fixe,VDSL,6
2024-01-18,Internet Fixe,FO,9
2024-01-18,Internet Fixe,WAFI,1
2024-01-18,Internet Fixe,Box,17
2024-01-18,Mobile,Prepaye,23
2024-01-18,Mobile,Postpaye,10
2024-01-18,Mobile,Data,20
2024-01-19,Internet Fixe,Rapido,6
2024-01-19,Internet Fixe,ADSL,1
2024-01-19,Internet Fixe,VDSL,6
2024-01-19,Internet Fixe,FO,12
2024-01-19,Internet Fixe,WAFI,0
2024-01-19,Internet Fixe,Box,29
2024-01-19,Mobile,Prepaye,13
2024-01-19,Mobile,Postpaye,4
2024-01-19,Mobile,Data,14
2024-01-20,Internet Fixe,Rapido,0
2024-01-20,Internet Fixe,ADSL,0
2024-01-20,Internet Fixe,VDSL,1
2024-01-20,Internet Fixe,FO,3
2024-01-20,Internet Fixe,WAFI,1
2024-01-20,Internet Fixe,Box,2
2024-01-20,Mobile,Prepaye,11
2024-01-20,Mobile,Postpaye,5
2024-01-20,Mobile,Data,6
2024-01-21,Internet Fixe,Rapido,2
2024-01-21,Internet Fixe,ADSL,0
2024-01-21,Internet Fixe,VDSL,2
2024-01-21,Internet Fixe,FO,1
2024-01-21,Internet Fixe,WAFI,0
2024-01-21,Internet Fixe,Box,5
2024-01-21,Mobile,Prepaye,15
2024-01-21,Mobile,Postpaye,6
2024-01-21,Mobile,Data,8
2024-01-22,Internet Fixe,Rapido,1
2024-01-22,Internet Fixe,ADSL,1
2024-01-22,Internet Fixe,VDSL,7
2024-01-22,Internet Fixe,FO,5
2024-01-22,Internet Fixe,WAFI,0
2024-01-22,Internet Fixe,Box,24
2024-01-22,Mobile,Prepaye,27
2024-01-22,Mobile,Postpaye,8
2024-01-22,Mobile,Data,18
2024-01-23,Internet Fixe,Rapido,5
2024-01-23,Internet Fixe,ADSL,3
2024-01-23,Internet Fixe,VDSL,4
2024-01-23,Internet Fixe,FO,9
2024-01-23,Internet Fixe,WAFI,3
2024-01-23,Internet Fixe,Box,18
2024-01-23,Mobile,Prepaye,32
2024-01-23,Mobile,Postpaye,10
2024-01-23,Mobile,Data,15
2024-01-24,Internet Fixe,Rapido,4
2024-01-24,Internet Fixe,ADSL,1
2024-01-24,Internet Fixe,VDSL,8
2024-01-24,Internet Fixe,FO,7
2024-01-24,Internet Fixe,WAFI,4
2024-01-24,Internet Fixe,Box,15
2024-01-24,Mobile,Prepaye,20
2024-01-24,Mobile,Postpaye,10
2024-01-24,Mobile,Data,23
2024-01-25,Internet Fixe,Rapido,2
2024-01-25,Internet Fixe,ADSL,7
2024-01-25,Internet Fixe,VDSL,3
2024-01-25,Internet Fixe,FO,9
2024-01-25,Internet Fixe,WAFI,4
2024-01-25,Internet Fixe,Box,27
2024-01-25,Mobile,Prepaye,33
2024-01-25,Mobile,Postpaye,8
2024-01-25,Mobile,Data,10
2024-01-26,Internet Fixe,Rapido,6
2024-01-26,Internet Fixe,ADSL,1
2024-01-26,Internet Fixe,VDSL,8
2024-01-26,Internet Fixe,FO,7
2024-01-26,Internet Fixe,WAFI,1
2024-01-26,Internet Fixe,Box,16
2024-01-26,Mobile,Prepaye,25
2024-01-26,Mobile,Postpaye,10
2024-01-26,Mobile,Data,17
2024-01-27,Internet Fixe,Rapido,0
2024-01-27,Internet Fixe,ADSL,1
2024-01-27,Internet Fixe,VDSL,0
2024-01-27,Internet Fixe,FO,5
2024-01-27,Internet Fixe,WAFI,3
2024-01-27,Internet Fixe,Box,5
2024-01-27,Mobile,Prepaye,13
2024-01-27,Mobile,Postpaye,8
2024-01-27,Mobile,Data,5
2024-01-28,Internet Fixe,Rapido,4
2024-01-28,Internet Fixe,ADSL,1
2024-01-28,Internet Fixe,VDSL,4
2024-01-28,Internet Fixe,FO,5
2024-01-28,Internet Fixe,WAFI,0
2024-01-28,Internet Fixe,Box,5
2024-01-28,Mobile,Prepaye,8
2024-01-28,Mobile,Postpaye,4
2024-01-28,Mobile,Data,8
2024-01-29,Internet Fixe,Rapido,5
2024-01-29,Internet Fixe,ADSL,0
2024-01-29,Internet Fixe,VDSL,9
2024-01-29,Internet Fixe,FO,13
2024-01-29,Internet Fixe,WAFI,3
2024-01-29,Internet Fixe,Box,13
2024-01-29,Mobile,Prepaye,23
2024-01-29,Mobile,Postpaye,14
2024-01-29,Mobile,Data,17
2024-01-30,Internet Fixe,Rapido,3
2024-01-30,Internet Fixe,ADSL,4
2024-01-30,Internet Fixe,VDSL,5
2024-01-30,Internet Fixe,FO,11
2024-01-30,Internet Fixe,WAFI,4
2024-01-30,Internet Fixe,Box,20
2024-01-30,Mobile,Prepaye,31
2024-01-30,Mobile,Postpaye,8
2024-01-30,Mobile,Data,18
2024-01-31,Internet Fixe,Rapido,3
2024-01-31,Internet Fixe,ADSL,1
2024-01-31,Internet Fixe,VDSL,1
2024-01-31,Internet Fixe,FO,1
2024-01-31,Internet Fixe,WAFI,1
2024-01-31,Internet Fixe,Box,20
2024-01-31,Mobile,Prepaye,20
2024-01-31,Mobile,Postpaye,10
2024-01-31,Mobile,Data,8
2024-02-01,Internet Fixe,Rapido,6
2024-02-01,Internet Fixe,ADSL,1
2024-02-01,Internet Fixe,VDSL,3
2024-02-01,Internet Fixe,FO,11
2024-02-01,Internet Fixe,WAFI,3
2024-02-01,Internet Fixe,Box,20
2024-02-01,Mobile,Prepaye,33
2024-02-01,Mobile,Postpaye,12
2024-02-01,Mobile,Data,12
2024-02-02,Internet Fixe,Rapido,6
2024-02-02,Internet Fixe,ADSL,2
2024-02-02,Internet Fixe,VDSL,0
2024-02-02,Internet Fixe,FO,9
2024-02-02,Internet Fixe,WAFI,3
2024-02-02,Internet Fixe,Box,13
2024-02-02,Mobile,Prepaye,26
2024-02-02,Mobile,Postpaye,9
2024-02-02,Mobile,Data,7
2024-02-03,Internet Fixe,Rapido,2
2024-02-03,Internet Fixe,ADSL,2
2024-02-03,Internet Fixe,VDSL,1
2024-02-03,Internet Fixe,FO,7
2024-02-03,Internet Fixe,WAFI,1
2024-02-03,Internet Fixe,Box,12
2024-02-03,Mobile,Prepaye,9
2024-02-03,Mobile,Postpaye,8
2024-02-03,Mobile,Data,8
2024-02-04,Internet Fixe,Rapido,0
2024-02-04,Internet Fixe,ADSL,0
2024-02-04,Internet Fixe,VDSL,2
2024-02-04,Internet Fixe,FO,7
2024-02-04,Internet Fixe,WAFI,3
2024-02-04,Internet Fixe,Box,2
2024-02-04,Mobile,Prepaye,13
2024-02-04,Mobile,Postpaye,4
2024-02-04,Mobile,Data,8
2024-02-05,Internet Fixe,Rapido,8
2024-02-05,Internet Fixe,ADSL,5
2024-02-05,Internet Fixe,VDSL,5
2024-02-05,Internet Fixe,FO,7
2024-02-05,Internet Fixe,WAFI,2
2024-02-05,Internet Fixe,Box,19
2024-02-05,Mobile,Prepaye,22
2024-02-05,Mobile,Postpaye,7
2024-02-05,Mobile,Data,14
2024-02-06,Internet Fixe,Rapido,5
2024-02-06,Internet Fixe,ADSL,1
2024-02-06,Internet Fixe,VDSL,6
2024-02-06,Internet Fixe,FO,6
2024-02-06,Internet Fixe,WAFI,5
2024-02-06,Internet Fixe,Box,32
2024-02-06,Mobile,Prepaye,22
2024-02-06,Mobile,Postpaye,20
2024-02-06,Mobile,Data,20
2024-02-07,Internet Fixe,Rapido,10
2024-02-07,Internet Fixe,ADSL,2
2024-02-07,Internet Fixe,VDSL,3
2024-02-07,Internet Fixe,FO,8
2024-02-07,Internet Fixe,WAFI,4
2024-02-07,Internet Fixe,Box,14
2024-02-07,Mobile,Prepaye,22
2024-02-07,Mobile,Postpaye,16
2024-02-07,Mobile,Data,17
2024-02-08,Internet Fixe,Rapido,5
2024-02-08,Internet Fixe,ADSL,1
2024-02-08,Internet Fixe,VDSL,7
2024-02-08,Internet Fixe,FO,7
2024-02-08,Internet Fixe,WAFI,5
2024-02-08,Internet Fixe,Box,18
2024-02-08,Mobile,Prepaye,29
2024-02-08,Mobile,Postpaye,12
2024-02-08,Mobile,Data,21
2024-02-09,Internet Fixe,Rapido,4
2024-02-09,Internet Fixe,ADSL,4
2024-02-09,Internet Fixe,VDSL,8
2024-02-09,Internet Fixe,FO,9
2024-02-09,Internet Fixe,WAFI,2
2024-02-09,Internet Fixe,Box,22
2024-02-09,Mobile,Prepaye,25
2024-02-09,Mobile,Postpaye,7
2024-02-09,Mobile,Data,13
2024-02-10,Internet Fixe,Rapido,2
2024-02-10,Internet Fixe,ADSL,2
2024-02-10,Internet Fixe,VDSL,3
2024-02-10,Internet Fixe,FO,3
2024-02-10,Internet Fixe,WAFI,1
2024-02-10,Internet Fixe,Box,6
2024-02-10,Mobile,Prepaye,12
2024-02-10,Mobile,Postpaye,8
2024-02-10,Mobile,Data,7
2024-02-11,Internet Fixe,Rapido,6
2024-02-11,Internet Fixe,ADSL,0
2024-02-11,Internet Fixe,VDSL,4
2024-02-11,Internet Fixe,FO,2
2024-02-11,Internet Fixe,WAFI,3
2024-02-11,Internet Fixe,Box,8
2024-02-11,Mobile,Prepaye,10
2024-02-11,Mobile,Postpaye,6
2024-02-11,Mobile,Data,3
2024-02-12,Internet Fixe,Rapido,3
2024-02-12,Internet Fixe,ADSL,2
2024-02-12,Internet Fixe,VDSL,5
2024-02-12,Internet Fixe,FO,10
2024-02-12,Internet Fixe,WAFI,2
2024-02-12,Internet Fixe,Box,24
2024-02-12,Mobile,Prepaye,24
2024-02-12,Mobile,Postpaye,7
2024-02-12,Mobile,Data,14
2024-02-13,Internet Fixe,Rapido,2
2024-02-13,Internet Fixe,ADSL,1
2024-02-13,Internet Fixe,VDSL,6
2024-02-13,Internet Fixe,FO,15
2024-02-13,Internet Fixe,WAFI,3
2024-02-13,Internet Fixe,Box,18
2024-02-13,Mobile,Prepaye,36
2024-02-13,Mobile,Postpaye,13
2024-02-13,Mobile,Data,15
2024-02-14,Internet Fixe,Rapido,9
2024-02-14,Internet Fixe,ADSL,2
2024-02-14,Internet Fixe,VDSL,10
2024-02-14,Internet Fixe,FO,7
2024-02-14,Internet Fixe,WAFI,2
2024-02-14,Internet Fixe,Box,23
2024-02-14,Mobile,Prepaye,34
2024-02-14,Mobile,Postpaye,16
2024-02-14,Mobile,Data,16
2024-02-15,Internet Fixe,Rapido,2
2024-02-15,Internet Fixe,ADSL,5
2024-02-15,Internet Fixe,VDSL,7
2024-02-15,Internet Fixe,FO,7
2024-02-15,Internet Fixe,WAFI,2
2024-02-15,Internet Fixe,Box,14
2024-02-15,Mobile,Prepaye,28
2024-02-15,Mobile,Postpaye,12
2024-02-15,Mobile,Data,18
2024-02-16,Internet Fixe,Rapido,4
2024-02-16,Internet Fixe,ADSL,1
2024-02-16,Internet Fixe,VDSL,6
2024-02-16,Internet Fixe,FO,10
2024-02-16,Internet Fixe,WAFI,3
2024-02-16,Internet Fixe,Box,19
2024-02-16,Mobile,Prepaye,19
2024-02-16,Mobile,Postpaye,10
2024-02-16,Mobile,Data,12
2024-02-17,Internet Fixe,Rapido,3
2024-02-17,Internet Fixe,ADSL,2
2024-02-17,Internet Fixe,VDSL,3
2024-02-17,Internet Fixe,FO,7
2024-02-17,Internet Fixe,WAFI,0
2024-02-17,Internet Fixe,Box,1
2024-02-17,Mobile,Prepaye,11
2024-02-17,Mobile,Postpaye,3
2024-02-17,Mobile,Data,9
2024-02-18,Internet Fixe,Rapido,4
2024-02-18,Internet Fixe,ADSL,0
2024-02-18,Internet Fixe,VDSL,4
2024-02-18,Internet Fixe,FO,6
2024-02-18,Internet Fixe,WAFI,5
2024-02-18,Internet Fixe,Box,9
2024-02-18,Mobile,Prepaye,9
2024-02-18,Mobile,Postpaye,4
2024-02-18,Mobile,Data,4
2024-02-19,Internet Fixe,Rapido,2
2024-02-19,Internet Fixe,ADSL,2
2024-02-19,Internet Fixe,VDSL,5
2024-02-19,Internet Fixe,FO,10
2024-02-19,Internet Fixe,WAFI,3
2024-02-19,Internet Fixe,Box,18
2024-02-19,Mobile,Prepaye,30
2024-02-19,Mobile,Postpaye,13
2024-02-19,Mobile,Data,15
2024-02-20,Internet Fixe,Rapido,1
2024-02-20,Internet Fixe,ADSL,1
2024-02-20,Internet Fixe,VDSL,6
2024-02-20,Internet Fixe,FO,10
2024-02-20,Internet Fixe,WAFI,3
2024-02-20,Internet Fixe,Box,23
2024-02-20,Mobile,Prepaye,27
2024-02-20,Mobile,Postpaye,13
2024-02-20,Mobile,Data,11
2024-02-21,Internet Fixe,Rapido,7
2024-02-21,Internet Fixe,ADSL,3
2024-02-21,Internet Fixe,VDSL,4
2024-02-21,Internet Fixe,FO,11
2024-02-21,Internet Fixe,WAFI,3
2024-02-21,Internet Fixe,Box,22
2024-02-21,Mobile,Prepaye,24
2024-02-21,Mobile,Postpaye,10
2024-02-21,Mobile,Data,16
2024-02-22,Internet Fixe,Rapido,2
2024-02-22,Internet Fixe,ADSL,1
2024-02-22,Internet Fixe,VDSL,1
2024-02-22,Internet Fixe,FO,8
2024-02-22,Internet Fixe,WAFI,2
2024-02-22,Internet Fixe,Box,29
2024-02-22,Mobile,Prepaye,29
2024-02-22,Mobile,Postpaye,9
2024-02-22,Mobile,Data,31
2024-02-23,Internet Fixe,Rapido,3
2024-02-23,Internet Fixe,ADSL,1
2024-02-23,Internet Fixe,VDSL,6
2024-02-23,Internet Fixe,FO,7
2024-02-23,Internet Fixe,WAFI,5
2024-02-23,Internet Fixe,Box,25
2024-02-23,Mobile,Prepaye,22
2024-02-23,Mobile,Postpaye,8
2024-02-23,Mobile,Data,11
2024-02-24,Internet Fixe,Rapido,1
2024-02-24,Internet Fixe,ADSL,0
2024-02-24,Internet Fixe,VDSL,4
2024-02-24,Internet Fixe,FO,3
2024-02-24,Internet Fixe,WAFI,1
2024-02-24,Internet Fixe,Box,12
2024-02-24,Mobile,Prepaye,8
2024-02-24,Mobile,Postpaye,2
2024-02-24,Mobile,Data,3
2024-02-25,Internet Fixe,Rapido,0
2024-02-25,Internet Fixe,ADSL,0
2024-02-25,Internet Fixe,VDSL,1
2024-02-25,Internet Fixe,FO,3
2024-02-25,Internet Fixe,WAFI,0
2024-02-25,Internet Fixe,Box,16
2024-02-25,Mobile,Prepaye,7
2024-02-25,Mobile,Postpaye,5
2024-02-25,Mobile,Data,4
2024-02-26,Internet Fixe,Rapido,6
2024-02-26,Internet Fixe,ADSL,2
2024-02-26,Internet Fixe,VDSL,6
2024-02-26,Internet Fixe,FO,11
2024-02-26,Internet Fixe,WAFI,2
2024-02-26,Internet Fixe,Box,21
2024-02-26,Mobile,Prepaye,17
2024-02-26,Mobile,Postpaye,8
2024-02-26,Mobile,Data,21
2024-02-27,Internet Fixe,Rapido,4
2024-02-27,Internet Fixe,ADSL,0
2024-02-27,Internet Fixe,VDSL,6
2024-02-27,Internet Fixe,FO,10
2024-02-27,Internet Fixe,WAFI,1
2024-02-27,Internet Fixe,Box,17
2024-02-27,Mobile,Prepaye,21
2024-02-27,Mobile,Postpaye,10
2024-02-27,Mobile,Data,13
2024-02-28,Internet Fixe,Rapido,3
2024-02-28,Internet Fixe,ADSL,2
2024-02-28,Internet Fixe,VDSL,9
2024-02-28,Internet Fixe,FO,11
2024-02-28,Internet Fixe,WAFI,4
2024-02-28,Internet Fixe,Box,20
2024-02-28,Mobile,Prepaye,34
2024-02-28,Mobile,Postpaye,10
2024-02-28,Mobile,Data,13
2024-02-29,Internet Fixe,Rapido,4
2024-02-29,Internet Fixe,ADSL,4
2024-02-29,Internet Fixe,VDSL,3
2024-02-29,Internet Fixe,FO,7
2024-02-29,Internet Fixe,WAFI,5
2024-02-29,Internet Fixe,Box,18
2024-02-29,Mobile,Prepaye,25
2024-02-29,Mobile,Postpaye,2
2024-02-29,Mobile,Data,14
2024-03-01,Internet Fixe,Rapido,4
2024-03-01,Internet Fixe,ADSL,3
2024-03-01,Internet Fixe,VDSL,6
2024-03-01,Internet Fixe,FO,7
2024-03-01,Internet Fixe,WAFI,1
2024-03-01,Internet Fixe,Box,17
2024-03-01,Mobile,Prepaye,28
2024-03-01,Mobile,Postpaye,11
2024-03-01,Mobile,Data,21
2024-03-02,Internet Fixe,Rapido,4
2024-03-02,Internet Fixe,ADSL,1
2024-03-02,Internet Fixe,VDSL,3
2024-03-02,Internet Fixe,FO,2
2024-03-02,Internet Fixe,WAFI,2
2024-03-02,Internet Fixe,Box,5
2024-03-02,Mobile,Prepaye,16
2024-03-02,Mobile,Postpaye,3
2024-03-02,Mobile,Data,9
2024-03-03,Internet Fixe,Rapido,1
2024-03-03,Internet Fixe,ADSL,3
2024-03-03,Internet Fixe,VDSL,2
2024-03-03,Internet Fixe,FO,2
2024-03-03,Internet Fixe,WAFI,1
2024-03-03,Internet Fixe,Box,11
2024-03-03,Mobile,Prepaye,11
2024-03-03,Mobile,Postpaye,7
2024-03-03,Mobile,Data,7
2024-03-04,Internet Fixe,Rapido,6
2024-03-04,Internet Fixe,ADSL,3
2024-03-04,Internet Fixe,VDSL,6
2024-03-04,Internet Fixe,FO,8
2024-03-04,Internet Fixe,WAFI,4
2024-03-04,Internet Fixe,Box,18
2024-03-04,Mobile,Prepaye,27
2024-03-04,Mobile,Postpaye,15
2024-03-04,Mobile,Data,15
2024-03-05,Internet Fixe,Rapido,7
2024-03-05,Internet Fixe,ADSL,4
2024-03-05,Internet Fixe,VDSL,7
2024-03-05,Internet Fixe,FO,7
2024-03-05,Internet Fixe,WAFI,4
2024-03-05,Internet Fixe,Box,23
2024-03-05,Mobile,Prepaye,31
2024-03-05,Mobile,Postpaye,12
2024-03-05,Mobile,Data,15
2024-03-06,Internet Fixe,Rapido,4
2024-03-06,Internet Fixe,ADSL,3
2024-03-06,Internet Fixe,VDSL,7
2024-03-06,Internet Fixe,FO,3
2024-03-06,Internet Fixe,WAFI,6
2024-03-06,Internet Fixe,Box,14
2024-03-06,Mobile,Prepaye,30
2024-03-06,Mobile,Postpaye,15
2024-03-06,Mobile,Data,18
2024-03-07,Internet Fixe,Rapido,3
2024-03-07,Internet Fixe,ADSL,1
2024-03-07,Internet Fixe,VDSL,1
2024-03-07,Internet Fixe,FO,9
2024-03-07,Internet Fixe,WAFI,3
2024-03-07,Internet Fixe,Box,31
2024-03-07,Mobile,Prepaye,32
2024-03-07,Mobile,Postpaye,14
2024-03-07,Mobile,Data,11
2024-03-08,Internet Fixe,Rapido,7
2024-03-08,Internet Fixe,ADSL,1
2024-03-08,Internet Fixe,VDSL,11
2024-03-08,Internet Fixe,FO,10
2024-03-08,Internet Fixe,WAFI,8
2024-03-08,Internet Fixe,Box,20
2024-03-08,Mobile,Prepaye,33
2024-03-08,Mobile,Postpaye,18
2024-03-08,Mobile,Data,17
2024-03-09,Internet Fixe,Rapido,2
2024-03-09,Internet Fixe,ADSL,1
2024-03-09,Internet Fixe,VDSL,3
2024-03-09,Internet Fixe,FO,5
2024-03-09,Internet Fixe,WAFI,2
2024-03-09,Internet Fixe,Box,12
2024-03-09,Mobile,Prepaye,21
2024-03-09,Mobile,Postpaye,5
2024-03-09,Mobile,Data,10
2024-03-10,Internet Fixe,Rapido,3
2024-03-10,Internet Fixe,ADSL,0
2024-03-10,Internet Fixe,VDSL,4
2024-03-10,Internet Fixe,FO,5
2024-03-10,Internet Fixe,WAFI,2
2024-03-10,Internet Fixe,Box,5
2024-03-10,Mobile,Prepaye,10
2024-03-10,Mobile,Postpaye,4
2024-03-10,Mobile,Data,7
2024-03-11,Internet Fixe,Rapido,1
2024-03-11,Internet Fixe,ADSL,2
2024-03-11,Internet Fixe,VDSL,9
2024-03-11,Internet Fixe,FO,10
2024-03-11,Internet Fixe,WAFI,3
2024-03-11,Internet Fixe,Box,15
2024-03-11,Mobile,Prepaye,21
2024-03-11,Mobile,Postpaye,10
2024-03-11,Mobile,Data,19
2024-03-12,Internet Fixe,Rapido,5
2024-03-12,Internet Fixe,ADSL,5
2024-03-12,Internet Fixe,VDSL,5
2024-03-12,Internet Fixe,FO,5
2024-03-12,Internet Fixe,WAFI,2
2024-03-12,Internet Fixe,Box,18
2024-03-12,Mobile,Prepaye,28
2024-03-12,Mobile,Postpaye,9
2024-03-12,Mobile,Data,16
2024-03-13,Internet Fixe,Rapido,8
2024-03-13,Internet Fixe,ADSL,2
2024-03-13,Internet Fixe,VDSL,6
2024-03-13,Internet Fixe,FO,12
2024-03-13,Internet Fixe,WAFI,3
2024-03-13,Internet Fixe,Box,20
2024-03-13,Mobile,Prepaye,27
2024-03-13,Mobile,Postpaye,18
2024-03-13,Mobile,Data,18
2024-03-14,Internet Fixe,Rapido,1
2024-03-14,Internet Fixe,ADSL,1
2024-03-14,Internet Fixe,VDSL,3
2024-03-14,Internet Fixe,FO,6
2024-03-14,Internet Fixe,WAFI,2
2024-03-14,Internet Fixe,Box,22
2024-03-14,Mobile,Prepaye,31
2024-03-14,Mobile,Postpaye,10
2024-03-14,Mobile,Data,28
2024-03-15,Internet Fixe,Rapido,6
2024-03-15,Internet Fixe,ADSL,1
2024-03-15,Internet Fixe,VDSL,4
2024-03-15,Internet Fixe,FO,9
2024-03-15,Internet Fixe,WAFI,5
2024-03-15,Internet Fixe,Box,17
2024-03-15,Mobile,Prepaye,35
2024-03-15,Mobile,Postpaye,9
2024-03-15,Mobile,Data,14
2024-03-16,Internet Fixe,Rapido,3
2024-03-16,Internet Fixe,ADSL,0
2024-03-16,Internet Fixe,VDSL,3
2024-03-16,Internet Fixe,FO,0
2024-03-16,Internet Fixe,WAFI,2
2024-03-16,Internet Fixe,Box,8
2024-03-16,Mobile,Prepaye,13
2024-03-16,Mobile,Postpaye,9
2024-03-16,Mobile,Data,4
2024-03-17,Internet Fixe,Rapido,1
2024-03-17,Internet Fixe,ADSL,3
2024-03-17,Internet Fixe,VDSL,4
2024-03-17,Internet Fixe,FO,4
2024-03-17,Internet Fixe,WAFI,1
2024-03-17,Internet Fixe,Box,10
2024-03-17,Mobile,Prepaye,21
2024-03-17,Mobile,Postpaye,6
2024-03-17,Mobile,Data,6
2024-03-18,Internet Fixe,Rapido,5
2024-03-18,Internet Fixe,ADSL,2
2024-03-18,Internet Fixe,VDSL,10
2024-03-18,Internet Fixe,FO,10
2024-03-18,Internet Fixe,WAFI,4
2024-03-18,Internet Fixe,Box,24
2024-03-18,Mobile,Prepaye,26
2024-03-18,Mobile,Postpaye,13
2024-03-18,Mobile,Data,13
2024-03-19,Internet Fixe,Rapido,6
2024-03-19,Internet Fixe,ADSL,6
2024-03-19,Internet Fixe,VDSL,3
2024-03-19,Internet Fixe,FO,13
2024-03-19,Internet Fixe,WAFI,3
2024-03-19,Internet Fixe,Box,18
2024-03-19,Mobile,Prepaye,23
2024-03-19,Mobile,Postpaye,10
2024-03-19,Mobile,Data,12
2024-03-20,Internet Fixe,Rapido,6
2024-03-20,Internet Fixe,ADSL,0
2024-03-20,Internet Fixe,VDSL,6
2024-03-20,Internet Fixe,FO,9
2024-03-20,Internet Fixe,WAFI,2
2024-03-20,Internet Fixe,Box,16
2024-03-20,Mobile,Prepaye,19
2024-03-20,Mobile,Postpaye,17
2024-03-20,Mobile,Data,11
2024-03-21,Internet Fixe,Rapido,3
2024-03-21,Internet Fixe,ADSL,0
2024-03-21,Internet Fixe,VDSL,8
2024-03-21,Internet Fixe,FO,5
2024-03-21,Internet Fixe,WAFI,1
2024-03-21,Internet Fixe,Box,15
2024-03-21,Mobile,Prepaye,24
2024-03-21,Mobile,Postpaye,12
2024-03-21,Mobile,Data,18
2024-03-22,Internet Fixe,Rapido,2
2024-03-22,Internet Fixe,ADSL,7
2024-03-22,Internet Fixe,VDSL,2
2024-03-22,Internet Fixe,FO,7
2024-03-22,Internet Fixe,WAFI,2
2024-03-22,Internet Fixe,Box,24
2024-03-22,Mobile,Prepaye,34
2024-03-22,Mobile,Postpaye,8
2024-03-22,Mobile,Data,16
2024-03-23,Internet Fixe,Rapido,0
2024-03-23,Internet Fixe,ADSL,1
2024-03-23,Internet Fixe,VDSL,1
2024-03-23,Internet Fixe,FO,6
2024-03-23,Internet Fixe,WAFI,1
2024-03-23,Internet Fixe,Box,11
2024-03-23,Mobile,Prepaye,11
2024-03-23,Mobile,Postpaye,1
2024-03-23,Mobile,Data,5
2024-03-24,Internet Fixe,Rapido,2
2024-03-24,Internet Fixe,ADSL,3
2024-03-24,Internet Fixe,VDSL,4
2024-03-24,Internet Fixe,FO,2
2024-03-24,Internet Fixe,WAFI,1
2024-03-24,Internet Fixe,Box,10
2024-03-24,Mobile,Prepaye,13
2024-03-24,Mobile,Postpaye,3
2024-03-24,Mobile,Data,4
2024-03-25,Internet Fixe,Rapido,6
2024-03-25,Internet Fixe,ADSL,0
2024-03-25,Internet Fixe,VDSL,3
2024-03-25,Internet Fixe,FO,9
2024-03-25,Internet Fixe,WAFI,2
2024-03-25,Internet Fixe,Box,17
2024-03-25,Mobile,Prepaye,27
2024-03-25,Mobile,Postpaye,16
2024-03-25,Mobile,Data,16
2024-03-26,Internet Fixe,Rapido,3
2024-03-26,Internet Fixe,ADSL,4
2024-03-26,Internet Fixe,VDSL,2
2024-03-26,Internet Fixe,FO,11
2024-03-26,Internet Fixe,WAFI,3
2024-03-26,Internet Fixe,Box,20
2024-03-26,Mobile,Prepaye,23
2024-03-26,Mobile,Postpaye,11
2024-03-26,Mobile,Data,23
2024-03-27,Internet Fixe,Rapido,7
2024-03-27,Internet Fixe,ADSL,3
2024-03-27,Internet Fixe,VDSL,5
2024-03-27,Internet Fixe,FO,11
2024-03-27,Internet Fixe,WAFI,2
2024-03-27,Internet Fixe,Box,21
2024-03-27,Mobile,Prepaye,26
2024-03-27,Mobile,Postpaye,13
2024-03-27,Mobile,Data,21
2024-03-28,Internet Fixe,Rapido,4
2024-03-28,Internet Fixe,ADSL,6
2024-03-28,Internet Fixe,VDSL,4
2024-03-28,Internet Fixe,FO,7
2024-03-28,Internet Fixe,WAFI,5
2024-03-28,Internet Fixe,Box,28
2024-03-28,Mobile,Prepaye,34
2024-03-28,Mobile,Postpaye,15
2024-03-28,Mobile,Data,14
2024-03-29,Internet Fixe,Rapido,6
2024-03-29,Internet Fixe,ADSL,3
2024-03-29,Internet Fixe,VDSL,13
2024-03-29,Internet Fixe,FO,5
2024-03-29,Internet Fixe,WAFI,6
2024-03-29,Internet Fixe,Box,23
2024-03-29,Mobile,Prepaye,30
2024-03-29,Mobile,Postpaye,15
2024-03-29,Mobile,Data,20
2024-03-30,Internet Fixe,Rapido,1
2024-03-30,Internet Fixe,ADSL,2
2024-03-30,Internet Fixe,VDSL,1
2024-03-30,Internet Fixe,FO,3
2024-03-30,Internet Fixe,WAFI,2
2024-03-30,Internet Fixe,Box,7
2024-03-30,Mobile,Prepaye,11
2024-03-30,Mobile,Postpaye,7
2024-03-30,Mobile,Data,14
2024-03-31,Internet Fixe,Rapido,5
2024-03-31,Internet Fixe,ADSL,1
2024-03-31,Internet Fixe,VDSL,2
2024-03-31,Internet Fixe,FO,4
2024-03-31,Internet Fixe,WAFI,3
2024-03-31,Internet Fixe,Box,10
2024-03-31,Mobile,Prepaye,12
2024-03-31,Mobile,Postpaye,4
2024-03-31,Mobile,Data,5
2024-04-01,Internet Fixe,Rapido,6
2024-04-01,Internet Fixe,ADSL,3
2024-04-01,Internet Fixe,VDSL,7
2024-04-01,Internet Fixe,FO,10
2024-04-01,Internet Fixe,WAFI,2
2024-04-01,Internet Fixe,Box,25
2024-04-01,Mobile,Prepaye,28
2024-04-01,Mobile,Postpaye,16
2024-04-01,Mobile,Data,13
2024-04-02,Internet Fixe,Rapido,2
2024-04-02,Internet Fixe,ADSL,1
2024-04-02,Internet Fixe,VDSL,6
2024-04-02,Internet Fixe,FO,8
2024-04-02,Internet Fixe,WAFI,5
2024-04-02,Internet Fixe,Box,25
2024-04-02,Mobile,Prepaye,28
2024-04-02,Mobile,Postpaye,8
2024-04-02,Mobile,Data,15
2024-04-03,Internet Fixe,Rapido,3
2024-04-03,Internet Fixe,ADSL,0
2024-04-03,Internet Fixe,VDSL,4
2024-04-03,Internet Fixe,FO,6
2024-04-03,Internet Fixe,WAFI,3
2024-04-03,Internet Fixe,Box,21
2024-04-03,Mobile,Prepaye,30
2024-04-03,Mobile,Postpaye,11
2024-04-03,Mobile,Data,13
2024-04-04,Internet Fixe,Rapido,8
2024-04-04,Internet Fixe,ADSL,2
2024-04-04,Internet Fixe,VDSL,5
2024-04-04,Internet Fixe,FO,9
2024-04-04,Internet Fixe,WAFI,4
2024-04-04,Internet Fixe,Box,14
2024-04-04,Mobile,Prepaye,30
2024-04-04,Mobile,Postpaye,14
2024-04-04,Mobile,Data,19
2024-04-05,Internet Fixe,Rapido,6
2024-04-05,Internet Fixe,ADSL,3
2024-04-05,Internet Fixe,VDSL,6
2024-04-05,Internet Fixe,FO,8
2024-04-05,Internet Fixe,WAFI,2
2024-04-05,Internet Fixe,Box,24
2024-04-05,Mobile,Prepaye,40
2024-04-05,Mobile,Postpaye,13
2024-04-05,Mobile,Data,17
2024-04-06,Internet Fixe,Rapido,2
2024-04-06,Internet Fixe,ADSL,0
2024-04-06,Internet Fixe,VDSL,5
2024-04-06,Internet Fixe,FO,6
2024-04-06,Internet Fixe,WAFI,2
2024-04-06,Internet Fixe,Box,12
2024-04-06,Mobile,Prepaye,16
2024-04-06,Mobile,Postpaye,5
2024-04-06,Mobile,Data,6
2024-04-07,Internet Fixe,Rapido,3
2024-04-07,Internet Fixe,ADSL,1
2024-04-07,Internet Fixe,VDSL,3
2024-04-07,Internet Fixe,FO,1
2024-04-07,Internet Fixe,WAFI,2
2024-04-07,Internet Fixe,Box,9
2024-04-07,Mobile,Prepaye,10
2024-04-07,Mobile,Postpaye,7
2024-04-07,Mobile,Data,11
2024-04-08,Internet Fixe,Rapido,6
2024-04-08,Internet Fixe,ADSL,2
2024-04-08,Internet Fixe,VDSL,7
2024-04-08,Internet Fixe,FO,10
2024-04-08,Internet Fixe,WAFI,1
2024-04-08,Internet Fixe,Box,17
2024-04-08,Mobile,Prepaye,24
2024-04-08,Mobile,Postpaye,9
2024-04-08,Mobile,Data,22
2024-04-09,Internet Fixe,Rapido,8
2024-04-09,Internet Fixe,ADSL,2
2024-04-09,Internet Fixe,VDSL,5
2024-04-09,Internet Fixe,FO,6
2024-04-09,Internet Fixe,WAFI,1
2024-04-09,Internet Fixe,Box,15
2024-04-09,Mobile,Prepaye,32
2024-04-09,Mobile,Postpaye,11
2024-04-09,Mobile,Data,13
2024-04-10,Internet Fixe,Rapido,2
2024-04-10,Internet Fixe,ADSL,4
2024-04-10,Internet Fixe,VDSL,2
2024-04-10,Internet Fixe,FO,9
2024-04-10,Internet Fixe,WAFI,2
2024-04-10,Internet Fixe,Box,23
2024-04-10,Mobile,Prepaye,30
2024-04-10,Mobile,Postpaye,11
2024-04-10,Mobile,Data,19
2024-04-11,Internet Fixe,Rapido,8
2024-04-11,Internet Fixe,ADSL,3
2024-04-11,Internet Fixe,VDSL,6
2024-04-11,Internet Fixe,FO,11
2024-04-11,Internet Fixe,WAFI,6
2024-04-11,Internet Fixe,Box,16
2024-04-11,Mobile,Prepaye,22
2024-04-11,Mobile,Postpaye,9
2024-04-11,Mobile,Data,23
2024-04-12,Internet Fixe,Rapido,4
2024-04-12,Internet Fixe,ADSL,3
2024-04-12,Internet Fixe,VDSL,8
2024-04-12,Internet Fixe,FO,6
2024-04-12,Internet Fixe,WAFI,5
2024-04-12,Internet Fixe,Box,24
2024-04-12,Mobile,Prepaye,21
2024-04-12,Mobile,Postpaye,12
2024-04-12,Mobile,Data,17
2024-04-13,Internet Fixe,Rapido,3
2024-04-13,Internet Fixe,ADSL,3
2024-04-13,Internet Fixe,VDSL,2
2024-04-13,Internet Fixe,FO,8
2024-04-13,Internet Fixe,WAFI,0
2024-04-13,Internet Fixe,Box,10
2024-04-13,Mobile,Prepaye,16
2024-04-13,Mobile,Postpaye,6
2024-04-13,Mobile,Data,7
2024-04-14,Internet Fixe,Rapido,2
2024-04-14,Internet Fixe,ADSL,1
2024-04-14,Internet Fixe,VDSL,6
2024-04-14,Internet Fixe,FO,7
2024-04-14,Internet Fixe,WAFI,2
2024-04-14,Internet Fixe,Box,7
2024-04-14,Mobile,Prepaye,14
2024-04-14,Mobile,Postpaye,3
2024-04-14,Mobile,Data,6
2024-04-15,Internet Fixe,Rapido,5
2024-04-15,Internet Fixe,ADSL,2
2024-04-15,Internet Fixe,VDSL,4
2024-04-15,Internet Fixe,FO,9
2024-04-15,Internet Fixe,WAFI,3
2024-04-15,Internet Fixe,Box,20
2024-04-15,Mobile,Prepaye,30
2024-04-15,Mobile,Postpaye,12
2024-04-15,Mobile,Data,19
2024-04-16,Internet Fixe,Rapido,2
2024-04-16,Internet Fixe,ADSL,2
2024-04-16,Internet Fixe,VDSL,4
2024-04-16,Internet Fixe,FO,18
2024-04-16,Internet Fixe,WAFI,4
2024-04-16,Internet Fixe,Box,19
2024-04-16,Mobile,Prepaye,23
2024-04-16,Mobile,Postpaye,13
2024-04-16,Mobile,Data,9
2024-04-17,Internet Fixe,Rapido,8
2024-04-17,Internet Fixe,ADSL,2
2024-04-17,Internet Fixe,VDSL,7
2024-04-17,Internet Fixe,FO,10
2024-04-17,Internet Fixe,WAFI,2
2024-04-17,Internet Fixe,Box,29
2024-04-17,Mobile,Prepaye,41
2024-04-17,Mobile,Postpaye,12
2024-04-17,Mobile,Data,9
2024-04-18,Internet Fixe,Rapido,3
2024-04-18,Internet Fixe,ADSL,1
2024-04-18,Internet Fixe,VDSL,8
2024-04-18,Internet Fixe,FO,13
2024-04-18,Internet Fixe,WAFI,3
2024-04-18,Internet Fixe,Box,18
2024-04-18,Mobile,Prepaye,30
2024-04-18,Mobile,Postpaye,13
2024-04-18,Mobile,Data,20
2024-04-19,Internet Fixe,Rapido,3
2024-04-19,Internet Fixe,ADSL,2
2024-04-19,Internet Fixe,VDSL,7
2024-04-19,Internet Fixe,FO,9
2024-04-19,Internet Fixe,WAFI,4
2024-04-19,Internet Fixe,Box,28
2024-04-19,Mobile,Prepaye,28
2024-04-19,Mobile,Postpaye,15
2024-04-19,Mobile,Data,13
2024-04-20,Internet Fixe,Rapido,1
2024-04-20,Internet Fixe,ADSL,0
2024-04-20,Internet Fixe,VDSL,2
2024-04-20,Internet Fixe,FO,4
2024-04-20,Internet Fixe,WAFI,0
2024-04-20,Internet Fixe,Box,9
2024-04-20,Mobile,Prepaye,11
2024-04-20,Mobile,Postpaye,4
2024-04-20,Mobile,Data,7
2024-04-21,Internet Fixe,Rapido,3
2024-04-21,Internet Fixe,ADSL,1
2024-04-21,Internet Fixe,VDSL,3
2024-04-21,Internet Fixe,FO,3
2024-04-21,Internet Fixe,WAFI,2
2024-04-21,Internet Fixe,Box,12
2024-04-21,Mobile,Prepaye,11
2024-04-21,Mobile,Postpaye,6
2024-04-21,Mobile,Data,6
2024-04-22,Internet Fixe,Rapido,4
2024-04-22,Internet Fixe,ADSL,1
2024-04-22,Internet Fixe,VDSL,6
2024-04-22,Internet Fixe,FO,10
2024-04-22,Internet Fixe,WAFI,5
2024-04-22,Internet Fixe,Box,24
2024-04-22,Mobile,Prepaye,30
2024-04-22,Mobile,Postpaye,7
2024-04-22,Mobile,Data,7
2024-04-23,Internet Fixe,Rapido,7
2024-04-23,Internet Fixe,ADSL,0
2024-04-23,Internet Fixe,VDSL,1
2024-04-23,Internet Fixe,FO,10
2024-04-23,Internet Fixe,WAFI,3
2024-04-23,Internet Fixe,Box,22
2024-04-23,Mobile,Prepaye,27
2024-04-23,Mobile,Postpaye,8
2024-04-23,Mobile,Data,22
2024-04-24,Internet Fixe,Rapido,3
2024-04-24,Internet Fixe,ADSL,8
2024-04-24,Internet Fixe,VDSL,7
2024-04-24,Internet Fixe,FO,11
2024-04-24,Internet Fixe,WAFI,5
2024-04-24,Internet Fixe,Box,18
2024-04-24,Mobile,Prepaye,31
2024-04-24,Mobile,Postpaye,12
2024-04-24,Mobile,Data,25
2024-04-25,Internet Fixe,Rapido,5
2024-04-25,Internet Fixe,ADSL,1
2024-04-25,Internet Fixe,VDSL,4
2024-04-25,Internet Fixe,FO,5
2024-04-25,Internet Fixe,WAFI,1
2024-04-25,Internet Fixe,Box,29
2024-04-25,Mobile,Prepaye,27
2024-04-25,Mobile,Postpaye,7
2024-04-25,Mobile,Data,16
2024-04-26,Internet Fixe,Rapido,4
2024-04-26,Internet Fixe,ADSL,2
2024-04-26,Internet Fixe,VDSL,6
2024-04-26,Internet Fixe,FO,5
2024-04-26,Internet Fixe,WAFI,1
2024-04-26,Internet Fixe,Box,19
2024-04-26,Mobile,Prepaye,29
2024-04-26,Mobile,Postpaye,14
2024-04-26,Mobile,Data,13
2024-04-27,Internet Fixe,Rapido,3
2024-04-27,Internet Fixe,ADSL,1
2024-04-27,Internet Fixe,VDSL,4
2024-04-27,Internet Fixe,FO,2
2024-04-27,Internet Fixe,WAFI,1
2024-04-27,Internet Fixe,Box,11
2024-04-27,Mobile,Prepaye,14
2024-04-27,Mobile,Postpaye,4
2024-04-27,Mobile,Data,9
2024-04-28,Internet Fixe,Rapido,1
2024-04-28,Internet Fixe,ADSL,0
2024-04-28,Internet Fixe,VDSL,2
2024-04-28,Internet Fixe,FO,1
2024-04-28,Internet Fixe,WAFI,3
2024-04-28,Internet Fixe,Box,11
2024-04-28,Mobile,Prepaye,20
2024-04-28,Mobile,Postpaye,6
2024-04-28,Mobile,Data,3
2024-04-29,Internet Fixe,Rapido,2
2024-04-29,Internet Fixe,ADSL,2
2024-04-29,Internet Fixe,VDSL,10
2024-04-29,Internet Fixe,FO,10
2024-04-29,Internet Fixe,WAFI,6
2024-04-29,Internet Fixe,Box,22
2024-04-29,Mobile,Prepaye,30
2024-04-29,Mobile,Postpaye,11
2024-04-29,Mobile,Data,13
2024-04-30,Internet Fixe,Rapido,7
2024-04-30,Internet Fixe,ADSL,1
2024-04-30,Internet Fixe,VDSL,8
2024-04-30,Internet Fixe,FO,5
2024-04-30,Internet Fixe,WAFI,3
2024-04-30,Internet Fixe,Box,24
2024-04-30,Mobile,Prepaye,35
2024-04-30,Mobile,Postpaye,14
2024-04-30,Mobile,Data,11
2024-05-01,Internet Fixe,Rapido,3
2024-05-01,Internet Fixe,ADSL,3
2024-05-01,Internet Fixe,VDSL,5
2024-05-01,Internet Fixe,FO,11
2024-05-01,Internet Fixe,WAFI,5
2024-05-01,Internet Fixe,Box,24
2024-05-01,Mobile,Prepaye,26
2024-05-01,Mobile,Postpaye,9
2024-05-01,Mobile,Data,16
2024-05-02,Internet Fixe,Rapido,6
2024-05-02,Internet Fixe,ADSL,3
2024-05-02,Internet Fixe,VDSL,6
2024-05-02,Internet Fixe,FO,12
2024-05-02,Internet Fixe,WAFI,5
2024-05-02,Internet Fixe,Box,23
2024-05-02,Mobile,Prepaye,27
2024-05-02,Mobile,Postpaye,13
2024-05-02,Mobile,Data,22
2024-05-03,Internet Fixe,Rapido,9
2024-05-03,Internet Fixe,ADSL,2
2024-05-03,Internet Fixe,VDSL,5
2024-05-03,Internet Fixe,FO,4
2024-05-03,Internet Fixe,WAFI,2
2024-05-03,Internet Fixe,Box,23
2024-05-03,Mobile,Prepaye,19
2024-05-03,Mobile,Postpaye,16
2024-05-03,Mobile,Data,15
2024-05-04,Internet Fixe,Rapido,4
2024-05-04,Internet Fixe,ADSL,0
2024-05-04,Internet Fixe,VDSL,1
2024-05-04,Internet Fixe,FO,4
2024-05-04,Internet Fixe,WAFI,0
2024-05-04,Internet Fixe,Box,10
2024-05-04,Mobile,Prepaye,16
2024-05-04,Mobile,Postpaye,5
2024-05-04,Mobile,Data,6
2024-05-05,Internet Fixe,Rapido,3
2024-05-05,Internet Fixe,ADSL,3
2024-05-05,Internet Fixe,VDSL,3
2024-05-05,Internet Fixe,FO,1
2024-05-05,Internet Fixe,WAFI,1
2024-05-05,Internet Fixe,Box,10
2024-05-05,Mobile,Prepaye,10
2024-05-05,Mobile,Postpaye,5
2024-05-05,Mobile,Data,6
2024-05-06,Internet Fixe,Rapido,2
2024-05-06,Internet Fixe,ADSL,4
2024-05-06,Internet Fixe,VDSL,6
2024-05-06,Internet Fixe,FO,7
2024-05-06,Internet Fixe,WAFI,6
2024-05-06,Internet Fixe,Box,25
2024-05-06,Mobile,Prepaye,30
2024-05-06,Mobile,Postpaye,13
2024-05-06,Mobile,Data,22
2024-05-07,Internet Fixe,Rapido,1
2024-05-07,Internet Fixe,ADSL,3
2024-05-07,Internet Fixe,VDSL,7
2024-05-07,Internet Fixe,FO,10
2024-05-07,Internet Fixe,WAFI,4
2024-05-07,Internet Fixe,Box,16
2024-05-07,Mobile,Prepaye,29
2024-05-07,Mobile,Postpaye,12
2024-05-07,Mobile,Data,21
2024-05-08,Internet Fixe,Rapido,8
2024-05-08,Internet Fixe,ADSL,1
2024-05-08,Internet Fixe,VDSL,3
2024-05-08,Internet Fixe,FO,12
2024-05-08,Internet Fixe,WAFI,4
2024-05-08,Internet Fixe,Box,16
2024-05-08,Mobile,Prepaye,24
2024-05-08,Mobile,Postpaye,12
2024-05-08,Mobile,Data,18
2024-05-09,Internet Fixe,Rapido,0
2024-05-09,Internet Fixe,ADSL,1
2024-05-09,Internet Fixe,VDSL,6
2024-05-09,Internet Fixe,FO,10
2024-05-09,Internet Fixe,WAFI,2
2024-05-09,Internet Fixe,Box,13
2024-05-09,Mobile,Prepaye,29
2024-05-09,Mobile,Postpaye,11
2024-05-09,Mobile,Data,15
2024-05-10,Internet Fixe,Rapido,2
2024-05-10,Internet Fixe,ADSL,1
2024-05-10,Internet Fixe,VDSL,4
2024-05-10,Internet Fixe,FO,9
2024-05-10,Internet Fixe,WAFI,3
2024-05-10,Internet Fixe,Box,18
2024-05-10,Mobile,Prepaye,29
2024-05-10,Mobile,Postpaye,12
2024-05-10,Mobile,Data,16
2024-05-11,Internet Fixe,Rapido,4
2024-05-11,Internet Fixe,ADSL,1
2024-05-11,Internet Fixe,VDSL,3
2024-05-11,Internet Fixe,FO,3
2024-05-11,Internet Fixe,WAFI,7
2024-05-11,Internet Fixe,Box,12
2024-05-11,Mobile,Prepaye,11
2024-05-11,Mobile,Postpaye,8
2024-05-11,Mobile,Data,5
2024-05-12,Internet Fixe,Rapido,3
2024-05-12,Internet Fixe,ADSL,0
2024-05-12,Internet Fixe,VDSL,2
2024-05-12,Internet Fixe,FO,3
2024-05-12,Internet Fixe,WAFI,2
2024-05-12,Internet Fixe,Box,5
2024-05-12,Mobile,Prepaye,13
2024-05-12,Mobile,Postpaye,6
2024-05-12,Mobile,Data,7
2024-05-13,Internet Fixe,Rapido,4
2024-05-13,Internet Fixe,ADSL,7
2024-05-13,Internet Fixe,VDSL,4
2024-05-13,Internet Fixe,FO,12
2024-05-13,Internet Fixe,WAFI,4
2024-05-13,Internet Fixe,Box,24
2024-05-13,Mobile,Prepaye,24
2024-05-13,Mobile,Postpaye,15
2024-05-13,Mobile,Data,12
2024-05-14,Internet Fixe,Rapido,7
2024-05-14,Internet Fixe,ADSL,2
2024-05-14,Internet Fixe,VDSL,6
2024-05-14,Internet Fixe,FO,9
2024-05-14,Internet Fixe,WAFI,3
2024-05-14,Internet Fixe,Box,21
2024-05-14,Mobile,Prepaye,31
2024-05-14,Mobile,Postpaye,11
2024-05-14,Mobile,Data,16
2024-05-15,Internet Fixe,Rapido,4
2024-05-15,Internet Fixe,ADSL,2
2024-05-15,Internet Fixe,VDSL,7
2024-05-15,Internet Fixe,FO,8
2024-05-15,Internet Fixe,WAFI,2
2024-05-15,Internet Fixe,Box,25
2024-05-15,Mobile,Prepaye,23
2024-05-15,Mobile,Postpaye,8
2024-05-15,Mobile,Data,11
2024-05-16,Internet Fixe,Rapido,3
2024-05-16,Internet Fixe,ADSL,0
2024-05-16,Internet Fixe,VDSL,8
2024-05-16,Internet Fixe,FO,7
2024-05-16,Internet Fixe,WAFI,2
2024-05-16,Internet Fixe,Box,15
2024-05-16,Mobile,Prepaye,37
2024-05-16,Mobile,Postpaye,8
2024-05-16,Mobile,Data,20
2024-05-17,Internet Fixe,Rapido,3
2024-05-17,Internet Fixe,ADSL,2
2024-05-17,Internet Fixe,VDSL,4
2024-05-17,Internet Fixe,FO,14
2024-05-17,Internet Fixe,WAFI,2
2024-05-17,Internet Fixe,Box,33
2024-05-17,Mobile,Prepaye,31
2024-05-17,Mobile,Postpaye,12
2024-05-17,Mobile,Data,19
2024-05-18,Internet Fixe,Rapido,1
2024-05-18,Internet Fixe,ADSL,1
2024-05-18,Internet Fixe,VDSL,3
2024-05-18,Internet Fixe,FO,4
2024-05-18,Internet Fixe,WAFI,0
2024-05-18,Internet Fixe,Box,7
2024-05-18,Mobile,Prepaye,13
2024-05-18,Mobile,Postpaye,7
2024-05-18,Mobile,Data,11
2024-05-19,Internet Fixe,Rapido,4
2024-05-19,Internet Fixe,ADSL,1
2024-05-19,Internet Fixe,VDSL,0
2024-05-19,Internet Fixe,FO,5
2024-05-19,Internet Fixe,WAFI,2
2024-05-19,Internet Fixe,Box,10
2024-05-19,Mobile,Prepaye,15
2024-05-19,Mobile,Postpaye,2
2024-05-19,Mobile,Data,5
2024-05-20,Internet Fixe,Rapido,1
2024-05-20,Internet Fixe,ADSL,3
2024-05-20,Internet Fixe,VDSL,8
2024-05-20,Internet Fixe,FO,10
2024-05-20,Internet Fixe,WAFI,2
2024-05-20,Internet Fixe,Box,22
2024-05-20,Mobile,Prepaye,24
2024-05-20,Mobile,Postpaye,13
2024-05-20,Mobile,Data,18
2024-05-21,Internet Fixe,Rapido,6
2024-05-21,Internet Fixe,ADSL,3
2024-05-21,Internet Fixe,VDSL,3
2024-05-21,Internet Fixe,FO,11
2024-05-21,Internet Fixe,WAFI,2
2024-05-21,Internet Fixe,Box,22
2024-05-21,Mobile,Prepaye,38
2024-05-21,Mobile,Postpaye,5
2024-05-21,Mobile,Data,20
2024-05-22,Internet Fixe,Rapido,6
2024-05-22,Internet Fixe,ADSL,1
2024-05-22,Internet Fixe,VDSL,5
2024-05-22,Internet Fixe,FO,17
2024-05-22,Internet Fixe,WAFI,1
2024-05-22,Internet Fixe,Box,34
2024-05-22,Mobile,Prepaye,28
2024-05-22,Mobile,Postpaye,15
2024-05-22,Mobile,Data,18
2024-05-23,Internet Fixe,Rapido,2
2024-05-23,Internet Fixe,ADSL,0
2024-05-23,Internet Fixe,VDSL,11
2024-05-23,Internet Fixe,FO,9
2024-05-23,Internet Fixe,WAFI,8
2024-05-23,Internet Fixe,Box,15
2024-05-23,Mobile,Prepaye,34
2024-05-23,Mobile,Postpaye,12
2024-05-23,Mobile,Data,19
2024-05-24,Internet Fixe,Rapido,8
2024-05-24,Internet Fixe,ADSL,2
2024-05-24,Internet Fixe,VDSL,7
2024-05-24,Internet Fixe,FO,11
2024-05-24,Internet Fixe,WAFI,3
2024-05-24,Internet Fixe,Box,28
2024-05-24,Mobile,Prepaye,29
2024-05-24,Mobile,Postpaye,10
2024-05-24,Mobile,Data,14
2024-05-25,Internet Fixe,Rapido,3
2024-05-25,Internet Fixe,ADSL,0
2024-05-25,Internet Fixe,VDSL,3
2024-05-25,Internet Fixe,FO,1
2024-05-25,Internet Fixe,WAFI,3
2024-05-25,Internet Fixe,Box,9
2024-05-25,Mobile,Prepaye,10
2024-05-25,Mobile,Postpaye,3
2024-05-25,Mobile,Data,7
2024-05-26,Internet Fixe,Rapido,2
2024-05-26,Internet Fixe,ADSL,0
2024-05-26,Internet Fixe,VDSL,2
2024-05-26,Internet Fixe,FO,4
2024-05-26,Internet Fixe,WAFI,1
2024-05-26,Internet Fixe,Box,7
2024-05-26,Mobile,Prepaye,18
2024-05-26,Mobile,Postpaye,4
2024-05-26,Mobile,Data,9
2024-05-27,Internet Fixe,Rapido,7
2024-05-27,Internet Fixe,ADSL,2
2024-05-27,Internet Fixe,VDSL,5
2024-05-27,Internet Fixe,FO,7
2024-05-27,Internet Fixe,WAFI,4
2024-05-27,Internet Fixe,Box,21
2024-05-27,Mobile,Prepaye,29
2024-05-27,Mobile,Postpaye,12
2024-05-27,Mobile,Data,19
2024-05-28,Internet Fixe,Rapido,1
2024-05-28,Internet Fixe,ADSL,3
2024-05-28,Internet Fixe,VDSL,5
2024-05-28,Internet Fixe,FO,13
2024-05-28,Internet Fixe,WAFI,1
2024-05-28,Internet Fixe,Box,32
2024-05-28,Mobile,Prepaye,22
2024-05-28,Mobile,Postpaye,13
2024-05-28,Mobile,Data,18
2024-05-29,Internet Fixe,Rapido,5
2024-05-29,Internet Fixe,ADSL,0
2024-05-29,Internet Fixe,VDSL,7
2024-05-29,Internet Fixe,FO,9
2024-05-29,Internet Fixe,WAFI,4
2024-05-29,Internet Fixe,Box,30
2024-05-29,Mobile,Prepaye,27
2024-05-29,Mobile,Postpaye,7
2024-05-29,Mobile,Data,23
2024-05-30,Internet Fixe,Rapido,3
2024-05-30,Internet Fixe,ADSL,4
2024-05-30,Internet Fixe,VDSL,5
2024-05-30,Internet Fixe,FO,3
2024-05-30,Internet Fixe,WAFI,5
2024-05-30,Internet Fixe,Box,20
2024-05-30,Mobile,Prepaye,37
2024-05-30,Mobile,Postpaye,9
2024-05-30,Mobile,Data,8
2024-05-31,Internet Fixe,Rapido,5
2024-05-31,Internet Fixe,ADSL,2
2024-05-31,Internet Fixe,VDSL,4
2024-05-31,Internet Fixe,FO,8
2024-05-31,Internet Fixe,WAFI,2
2024-05-31,Internet Fixe,Box,15
2024-05-31,Mobile,Prepaye,36
2024-05-31,Mobile,Postpaye,7
2024-05-31,Mobile,Data,18
2024-06-01,Internet Fixe,Rapido,1
2024-06-01,Internet Fixe,ADSL,2
2024-06-01,Internet Fixe,VDSL,1
2024-06-01,Internet Fixe,FO,1
2024-06-01,Internet Fixe,WAFI,0
2024-06-01,Internet Fixe,Box,6
2024-06-01,Mobile,Prepaye,13
2024-06-01,Mobile,Postpaye,5
2024-06-01,Mobile,Data,5
2024-06-02,Internet Fixe,Rapido,0
2024-06-02,Internet Fixe,ADSL,2
2024-06-02,Internet Fixe,VDSL,6
2024-06-02,Internet Fixe,FO,2
2024-06-02,Internet Fixe,WAFI,1
2024-06-02,Internet Fixe,Box,8
2024-06-02,Mobile,Prepaye,12
2024-06-02,Mobile,Postpaye,8
2024-06-02,Mobile,Data,6
2024-06-03,Internet Fixe,Rapido,6
2024-06-03,Internet Fixe,ADSL,1
2024-06-03,Internet Fixe,VDSL,3
2024-06-03,Internet Fixe,FO,10
2024-06-03,Internet Fixe,WAFI,1
2024-06-03,Internet Fixe,Box,24
2024-06-03,Mobile,Prepaye,30
2024-06-03,Mobile,Postpaye,7
2024-06-03,Mobile,Data,18
2024-06-04,Internet Fixe,Rapido,4
2024-06-04,Internet Fixe,ADSL,1
2024-06-04,Internet Fixe,VDSL,7
2024-06-04,Internet Fixe,FO,8
2024-06-04,Internet Fixe,WAFI,2
2024-06-04,Internet Fixe,Box,22
2024-06-04,Mobile,Prepaye,34
2024-06-04,Mobile,Postpaye,11
2024-06-04,Mobile,Data,18
2024-06-05,Internet Fixe,Rapido,4
2024-06-05,Internet Fixe,ADSL,3
2024-06-05,Internet Fixe,VDSL,2
2024-06-05,Internet Fixe,FO,4
2024-06-05,Internet Fixe,WAFI,4
2024-06-05,Internet Fixe,Box,24
2024-06-05,Mobile,Prepaye,27
2024-06-05,Mobile,Postpaye,15
2024-06-05,Mobile,Data,14
2024-06-06,Internet Fixe,Rapido,8
2024-06-06,Internet Fixe,ADSL,2
2024-06-06,Internet Fixe,VDSL,5
2024-06-06,Internet Fixe,FO,12
2024-06-06,Internet Fixe,WAFI,3
2024-06-06,Internet Fixe,Box,16
2024-06-06,Mobile,Prepaye,30
2024-06-06,Mobile,Postpaye,9
2024-06-06,Mobile,Data,25
2024-06-07,Internet Fixe,Rapido,5
2024-06-07,Internet Fixe,ADSL,5
2024-06-07,Internet Fixe,VDSL,11
2024-06-07,Internet Fixe,FO,10
2024-06-07,Internet Fixe,WAFI,3
2024-06-07,Internet Fixe,Box,17
2024-06-07,Mobile,Prepaye,25
2024-06-07,Mobile,Postpaye,9
2024-06-07,Mobile,Data,18
2024-06-08,Internet Fixe,Rapido,2
2024-06-08,Internet Fixe,ADSL,0
2024-06-08,Internet Fixe,VDSL,2
2024-06-08,Internet Fixe,FO,3
2024-06-08,Internet Fixe,WAFI,2
2024-06-08,Internet Fixe,Box,4
2024-06-08,Mobile,Prepaye,13
2024-06-08,Mobile,Postpaye,5
2024-06-08,Mobile,Data,9
2024-06-09,Internet Fixe,Rapido,3
2024-06-09,Internet Fixe,ADSL,0
2024-06-09,Internet Fixe,VDSL,1
2024-06-09,Internet Fixe,FO,3
2024-06-09,Internet Fixe,WAFI,0
2024-06-09,Internet Fixe,Box,14
2024-06-09,Mobile,Prepaye,15
2024-06-09,Mobile,Postpaye,5
2024-06-09,Mobile,Data,10
2024-06-10,Internet Fixe,Rapido,7
2024-06-10,Internet Fixe,ADSL,0
2024-06-10,Internet Fixe,VDSL,10
2024-06-10,Internet Fixe,FO,8
2024-06-10,Internet Fixe,WAFI,5
2024-06-10,Internet Fixe,Box,21
2024-06-10,Mobile,Prepaye,33
2024-06-10,Mobile,Postpaye,18
2024-06-10,Mobile,Data,17
2024-06-11,Internet Fixe,Rapido,4
2024-06-11,Internet Fixe,ADSL,3
2024-06-11,Internet Fixe,VDSL,4
2024-06-11,Internet Fixe,FO,6
2024-06-11,Internet Fixe,WAFI,3
2024-06-11,Internet Fixe,Box,15
2024-06-11,Mobile,Prepaye,30
2024-06-11,Mobile,Postpaye,9
2024-06-11,Mobile,Data,16
2024-06-12,Internet Fixe,Rapido,4
2024-06-12,Internet Fixe,ADSL,3
2024-06-12,Internet Fixe,VDSL,5
2024-06-12,Internet Fixe,FO,14
2024-06-12,Internet Fixe,WAFI,8
2024-06-12,Internet Fixe,Box,20
2024-06-12,Mobile,Prepaye,35
2024-06-12,Mobile,Postpaye,9
2024-06-12,Mobile,Data,15
2024-06-13,Internet Fixe,Rapido,4
2024-06-13,Internet Fixe,ADSL,1
2024-06-13,Internet Fixe,VDSL,4
2024-06-13,Internet Fixe,FO,5
2024-06-13,Internet Fixe,WAFI,3
2024-06-13,Internet Fixe,Box,19
2024-06-13,Mobile,Prepaye,24
2024-06-13,Mobile,Postpaye,15
2024-06-13,Mobile,Data,18
2024-06-14,Internet Fixe,Rapido,3
2024-06-14,Internet Fixe,ADSL,4
2024-06-14,Internet Fixe,VDSL,5
2024-06-14,Internet Fixe,FO,4
2024-06-14,Internet Fixe,WAFI,7
2024-06-14,Internet Fixe,Box,25
2024-06-14,Mobile,Prepaye,26
2024-06-14,Mobile,Postpaye,9
2024-06-14,Mobile,Data,20
2024-06-15,Internet Fixe,Rapido,2
2024-06-15,Internet Fixe,ADSL,0
2024-06-15,Internet Fixe,VDSL,3
2024-06-15,Internet Fixe,FO,2
2024-06-15,Internet Fixe,WAFI,3
2024-06-15,Internet Fixe,Box,12
2024-06-15,Mobile,Prepaye,11
2024-06-15,Mobile,Postpaye,6
2024-06-15,Mobile,Data,5
2024-06-16,Internet Fixe,Rapido,3
2024-06-16,Internet Fixe,ADSL,3
2024-06-16,Internet Fixe,VDSL,2
2024-06-16,Internet Fixe,FO,3
2024-06-16,Internet Fixe,WAFI,0
2024-06-16,Internet Fixe,Box,9
2024-06-16,Mobile,Prepaye,14
2024-06-16,Mobile,Postpaye,3
2024-06-16,Mobile,Data,2
2024-06-17,Internet Fixe,Rapido,4
2024-06-17,Internet Fixe,ADSL,3
2024-06-17,Internet Fixe,VDSL,5
2024-06-17,Internet Fixe,FO,15
2024-06-17,Internet Fixe,WAFI,4
2024-06-17,Internet Fixe,Box,22
2024-06-17,Mobile,Prepaye,31
2024-06-17,Mobile,Postpaye,11
2024-06-17,Mobile,Data,14
2024-06-18,Internet Fixe,Rapido,7
2024-06-18,Internet Fixe,ADSL,3
2024-06-18,Internet Fixe,VDSL,8
2024-06-18,Internet Fixe,FO,7
2024-06-18,Internet Fixe,WAFI,2
2024-06-18,Internet Fixe,Box,21
2024-06-18,Mobile,Prepaye,30
2024-06-18,Mobile,Postpaye,11
2024-06-18,Mobile,Data,15
2024-06-19,Internet Fixe,Rapido,7
2024-06-19,Internet Fixe,ADSL,1
2024-06-19,Internet Fixe,VDSL,7
2024-06-19,Internet Fixe,FO,5
2024-06-19,Internet Fixe,WAFI,2
2024-06-19,Internet Fixe,Box,18
2024-06-19,Mobile,Prepaye,26
2024-06-19,Mobile,Postpaye,12
2024-06-19,Mobile,Data,17
2024-06-20,Internet Fixe,Rapido,3
2024-06-20,Internet Fixe,ADSL,2
2024-06-20,Internet Fixe,VDSL,7
2024-06-20,Internet Fixe,FO,7
2024-06-20,Internet Fixe,WAFI,1
2024-06-20,Internet Fixe,Box,19
2024-06-20,Mobile,Prepaye,32
2024-06-20,Mobile,Postpaye,11
2024-06-20,Mobile,Data,19
2024-06-21,Internet Fixe,Rapido,8
2024-06-21,Internet Fixe,ADSL,3
2024-06-21,Internet Fixe,VDSL,5
2024-06-21,Internet Fixe,FO,13
2024-06-21,Internet Fixe,WAFI,7
2024-06-21,Internet Fixe,Box,22
2024-06-21,Mobile,Prepaye,28
2024-06-21,Mobile,Postpaye,12
2024-06-21,Mobile,Data,22
2024-06-22,Internet Fixe,Rapido,1
2024-06-22,Internet Fixe,ADSL,1
2024-06-22,Internet Fixe,VDSL,2
2024-06-22,Internet Fixe,FO,6
2024-06-22,Internet Fixe,WAFI,0
2024-06-22,Internet Fixe,Box,12
2024-06-22,Mobile,Prepaye,5
2024-06-22,Mobile,Postpaye,12
2024-06-22,Mobile,Data,4
2024-06-23,Internet Fixe,Rapido,1
2024-06-23,Internet Fixe,ADSL,1
2024-06-23,Internet Fixe,VDSL,3
2024-06-23,Internet Fixe,FO,1
2024-06-23,Internet Fixe,WAFI,3
2024-06-23,Internet Fixe,Box,7
2024-06-23,Mobile,Prepaye,10
2024-06-23,Mobile,Postpaye,3
2024-06-23,Mobile,Data,9
2024-06-24,Internet Fixe,Rapido,5
2024-06-24,Internet Fixe,ADSL,1
2024-06-24,Internet Fixe,VDSL,5
2024-06-24,Internet Fixe,FO,3
2024-06-24,Internet Fixe,WAFI,6
2024-06-24,Internet Fixe,Box,18
2024-06-24,Mobile,Prepaye,34
2024-06-24,Mobile,Postpaye,7
2024-06-24,Mobile,Data,20
2024-06-25,Internet Fixe,Rapido,5
2024-06-25,Internet Fixe,ADSL,5
2024-06-25,Internet Fixe,VDSL,3
2024-06-25,Internet Fixe,FO,5
2024-06-25,Internet Fixe,WAFI,3
2024-06-25,Internet Fixe,Box,23
2024-06-25,Mobile,Prepaye,27
2024-06-25,Mobile,Postpaye,8
2024-06-25,Mobile,Data,15
2024-06-26,Internet Fixe,Rapido,7
2024-06-26,Internet Fixe,ADSL,2
2024-06-26,Internet Fixe,VDSL,4
2024-06-26,Internet Fixe,FO,12
2024-06-26,Internet Fixe,WAFI,8
2024-06-26,Internet Fixe,Box,22
2024-06-26,Mobile,Prepaye,30
2024-06-26,Mobile,Postpaye,18
2024-06-26,Mobile,Data,19
2024-06-27,Internet Fixe,Rapido,2
2024-06-27,Internet Fixe,ADSL,3
2024-06-27,Internet Fixe,VDSL,1
2024-06-27,Internet Fixe,FO,9
2024-06-27,Internet Fixe,WAFI,3
2024-06-27,Internet Fixe,Box,17
2024-06-27,Mobile,Prepaye,28
2024-06-27,Mobile,Postpaye,19
2024-06-27,Mobile,Data,18
2024-06-28,Internet Fixe,Rapido,1
2024-06-28,Internet Fixe,ADSL,4
2024-06-28,Internet Fixe,VDSL,7
2024-06-28,Internet Fixe,FO,7
2024-06-28,Internet Fixe,WAFI,2
2024-06-28,Internet Fixe,Box,18
2024-06-28,Mobile,Prepaye,24
2024-06-28,Mobile,Postpaye,10
2024-06-28,Mobile,Data,20
2024-06-29,Internet Fixe,Rapido,4
2024-06-29,Internet Fixe,ADSL,2
2024-06-29,Internet Fixe,VDSL,5
2024-06-29,Internet Fixe,FO,4
2024-06-29,Internet Fixe,WAFI,3
2024-06-29,Internet Fixe,Box,6
2024-06-29,Mobile,Prepaye,11
2024-06-29,Mobile,Postpaye,2
2024-06-29,Mobile,Data,8
2024-06-30,Internet Fixe,Rapido,1
2024-06-30,Internet Fixe,ADSL,2
2024-06-30,Internet Fixe,VDSL,2
2024-06-30,Internet Fixe,FO,5
2024-06-30,Internet Fixe,WAFI,0
2024-06-30,Internet Fixe,Box,11
2024-06-30,Mobile,Prepaye,12
2024-06-30,Mobile,Postpaye,6
2024-06-30,Mobile,Data,2
2024-07-01,Internet Fixe,Rapido,6
2024-07-01,Internet Fixe,ADSL,1
2024-07-01,Internet Fixe,VDSL,7
2024-07-01,Internet Fixe,FO,8
2024-07-01,Internet Fixe,WAFI,1
2024-07-01,Internet Fixe,Box,8
2024-07-01,Mobile,Prepaye,38
2024-07-01,Mobile,Postpaye,10
2024-07-01,Mobile,Data,17
2024-07-02,Internet Fixe,Rapido,6
2024-07-02,Internet Fixe,ADSL,0
2024-07-02,Internet Fixe,VDSL,9
2024-07-02,Internet Fixe,FO,7
2024-07-02,Internet Fixe,WAFI,3
2024-07-02,Internet Fixe,Box,16
2024-07-02,Mobile,Prepaye,22
2024-07-02,Mobile,Postpaye,9
2024-07-02,Mobile,Data,15
2024-07-03,Internet Fixe,Rapido,3
2024-07-03,Internet Fixe,ADSL,3
2024-07-03,Internet Fixe,VDSL,6
2024-07-03,Internet Fixe,FO,6
2024-07-03,Internet Fixe,WAFI,3
2024-07-03,Internet Fixe,Box,20
2024-07-03,Mobile,Prepaye,32
2024-07-03,Mobile,Postpaye,13
2024-07-03,Mobile,Data,9
2024-07-04,Internet Fixe,Rapido,6
2024-07-04,Internet Fixe,ADSL,3
2024-07-04,Internet Fixe,VDSL,6
2024-07-04,Internet Fixe,FO,9
2024-07-04,Internet Fixe,WAFI,1
2024-07-04,Internet Fixe,Box,23
2024-07-04,Mobile,Prepaye,21
2024-07-04,Mobile,Postpaye,9
2024-07-04,Mobile,Data,14
2024-07-05,Internet Fixe,Rapido,6
2024-07-05,Internet Fixe,ADSL,3
2024-07-05,Internet Fixe,VDSL,1
2024-07-05,Internet Fixe,FO,8
2024-07-05,Internet Fixe,WAFI,1
2024-07-05,Internet Fixe,Box,19
2024-07-05,Mobile,Prepaye,21
2024-07-05,Mobile,Postpaye,11
2024-07-05,Mobile,Data,16
2024-07-06,Internet Fixe,Rapido,2
2024-07-06,Internet Fixe,ADSL,2
2024-07-06,Internet Fixe,VDSL,3
2024-07-06,Internet Fixe,FO,1
2024-07-06,Internet Fixe,WAFI,1
2024-07-06,Internet Fixe,Box,7
2024-07-06,Mobile,Prepaye,11
2024-07-06,Mobile,Postpaye,5
2024-07-06,Mobile,Data,7
2024-07-07,Internet Fixe,Rapido,0
2024-07-07,Internet Fixe,ADSL,0
2024-07-07,Internet Fixe,VDSL,3
2024-07-07,Internet Fixe,FO,7
2024-07-07,Internet Fixe,WAFI,0
2024-07-07,Internet Fixe,Box,9
2024-07-07,Mobile,Prepaye,10
2024-07-07,Mobile,Postpaye,3
2024-07-07,Mobile,Data,7
2024-07-08,Internet Fixe,Rapido,9
2024-07-08,Internet Fixe,ADSL,5
2024-07-08,Internet Fixe,VDSL,8
2024-07-08,Internet Fixe,FO,11
2024-07-08,Internet Fixe,WAFI,1
2024-07-08,Internet Fixe,Box,19
2024-07-08,Mobile,Prepaye,34
2024-07-08,Mobile,Postpaye,6
2024-07-08,Mobile,Data,16
2024-07-09,Internet Fixe,Rapido,2
2024-07-09,Internet Fixe,ADSL,3
2024-07-09,Internet Fixe,VDSL,6
2024-07-09,Internet Fixe,FO,11
2024-07-09,Internet Fixe,WAFI,5
2024-07-09,Internet Fixe,Box,28
2024-07-09,Mobile,Prepaye,26
2024-07-09,Mobile,Postpaye,10
2024-07-09,Mobile,Data,15
2024-07-10,Internet Fixe,Rapido,2
2024-07-10,Internet Fixe,ADSL,2
2024-07-10,Internet Fixe,VDSL,4
2024-07-10,Internet Fixe,FO,9
2024-07-10,Internet Fixe,WAFI,4
2024-07-10,Internet Fixe,Box,16
2024-07-10,Mobile,Prepaye,27
2024-07-10,Mobile,Postpaye,13
2024-07-10,Mobile,Data,7
2024-07-11,Internet Fixe,Rapido,3
2024-07-11,Internet Fixe,ADSL,1
2024-07-11,Internet Fixe,VDSL,7
2024-07-11,Internet Fixe,FO,13
2024-07-11,Internet Fixe,WAFI,4
2024-07-11,Internet Fixe,Box,20
2024-07-11,Mobile,Prepaye,37
2024-07-11,Mobile,Postpaye,8
2024-07-11,Mobile,Data,17
2024-07-12,Internet Fixe,Rapido,1
2024-07-12,Internet Fixe,ADSL,3
2024-07-12,Internet Fixe,VDSL,6
2024-07-12,Internet Fixe,FO,12
2024-07-12,Internet Fixe,WAFI,3
2024-07-12,Internet Fixe,Box,24
2024-07-12,Mobile,Prepaye,26
2024-07-12,Mobile,Postpaye,11
2024-07-12,Mobile,Data,12
2024-07-13,Internet Fixe,Rapido,2
2024-07-13,Internet Fixe,ADSL,2
2024-07-13,Internet Fixe,VDSL,2
2024-07-13,Internet Fixe,FO,4
2024-07-13,Internet Fixe,WAFI,0
2024-07-13,Internet Fixe,Box,11
2024-07-13,Mobile,Prepaye,6
2024-07-13,Mobile,Postpaye,3
2024-07-13,Mobile,Data,8
2024-07-14,Internet Fixe,Rapido,3
2024-07-14,Internet Fixe,ADSL,0
2024-07-14,Internet Fixe,VDSL,1
2024-07-14,Internet Fixe,FO,2
2024-07-14,Internet Fixe,WAFI,0
2024-07-14,Internet Fixe,Box,4
2024-07-14,Mobile,Prepaye,6
2024-07-14,Mobile,Postpaye,6
2024-07-14,Mobile,Data,5
2024-07-15,Internet Fixe,Rapido,5
2024-07-15,Internet Fixe,ADSL,3
2024-07-15,Internet Fixe,VDSL,8
2024-07-15,Internet Fixe,FO,12
2024-07-15,Internet Fixe,WAFI,5
2024-07-15,Internet Fixe,Box,15
2024-07-15,Mobile,Prepaye,23
2024-07-15,Mobile,Postpaye,5
2024-07-15,Mobile,Data,16
2024-07-16,Internet Fixe,Rapido,2
2024-07-16,Internet Fixe,ADSL,1
2024-07-16,Internet Fixe,VDSL,7
2024-07-16,Internet Fixe,FO,9
2024-07-16,Internet Fixe,WAFI,2
2024-07-16,Internet Fixe,Box,22
2024-07-16,Mobile,Prepaye,21
2024-07-16,Mobile,Postpaye,11
2024-07-16,Mobile,Data,9
2024-07-17,Internet Fixe,Rapido,3
2024-07-17,Internet Fixe,ADSL,6
2024-07-17,Internet Fixe,VDSL,11
2024-07-17,Internet Fixe,FO,7
2024-07-17,Internet Fixe,WAFI,2
2024-07-17,Internet Fixe,Box,23
2024-07-17,Mobile,Prepaye,27
2024-07-17,Mobile,Postpaye,14
2024-07-17,Mobile,Data,17
2024-07-18,Internet Fixe,Rapido,0
2024-07-18,Internet Fixe,ADSL,3
2024-07-18,Internet Fixe,VDSL,5
2024-07-18,Internet Fixe,FO,9
2024-07-18,Internet Fixe,WAFI,3
2024-07-18,Internet Fixe,Box,24
2024-07-18,Mobile,Prepaye,25
2024-07-18,Mobile,Postpaye,13
2024-07-18,Mobile,Data,16
2024-07-19,Internet Fixe,Rapido,6
2024-07-19,Internet Fixe,ADSL,2
2024-07-19,Internet Fixe,VDSL,5
2024-07-19,Internet Fixe,FO,7
2024-07-19,Internet Fixe,WAFI,2
2024-07-19,Internet Fixe,Box,28
2024-07-19,Mobile,Prepaye,26
2024-07-19,Mobile,Postpaye,9
2024-07-19,Mobile,Data,8
2024-07-20,Internet Fixe,Rapido,2
2024-07-20,Internet Fixe,ADSL,0
2024-07-20,Internet Fixe,VDSL,3
2024-07-20,Internet Fixe,FO,5
2024-07-20,Internet Fixe,WAFI,2
2024-07-20,Internet Fixe,Box,12
2024-07-20,Mobile,Prepaye,13
2024-07-20,Mobile,Postpaye,7
2024-07-20,Mobile,Data,6
2024-07-21,Internet Fixe,Rapido,2
2024-07-21,Internet Fixe,ADSL,1
2024-07-21,Internet Fixe,VDSL,4
2024-07-21,Internet Fixe,FO,4
2024-07-21,Internet Fixe,WAFI,1
2024-07-21,Internet Fixe,Box,11
2024-07-21,Mobile,Prepaye,13
2024-07-21,Mobile,Postpaye,5
2024-07-21,Mobile,Data,11
2024-07-22,Internet Fixe,Rapido,3
2024-07-22,Internet Fixe,ADSL,0
2024-07-22,Internet Fixe,VDSL,6
2024-07-22,Internet Fixe,FO,12
2024-07-22,Internet Fixe,WAFI,4
2024-07-22,Internet Fixe,Box,22
2024-07-22,Mobile,Prepaye,38
2024-07-22,Mobile,Postpaye,8
2024-07-22,Mobile,Data,22
2024-07-23,Internet Fixe,Rapido,5
2024-07-23,Internet Fixe,ADSL,0
2024-07-23,Internet Fixe,VDSL,6
2024-07-23,Internet Fixe,FO,7
2024-07-23,Internet Fixe,WAFI,4
2024-07-23,Internet Fixe,Box,12
2024-07-23,Mobile,Prepaye,37
2024-07-23,Mobile,Postpaye,7
2024-07-23,Mobile,Data,13
2024-07-24,Internet Fixe,Rapido,4
2024-07-24,Internet Fixe,ADSL,3
2024-07-24,Internet Fixe,VDSL,5
2024-07-24,Internet Fixe,FO,7
2024-07-24,Internet Fixe,WAFI,4
2024-07-24,Internet Fixe,Box,17
2024-07-24,Mobile,Prepaye,25
2024-07-24,Mobile,Postpaye,10
2024-07-24,Mobile,Data,10
2024-07-25,Internet Fixe,Rapido,5
2024-07-25,Internet Fixe,ADSL,1
2024-07-25,Internet Fixe,VDSL,5
2024-07-25,Internet Fixe,FO,9
2024-07-25,Internet Fixe,WAFI,2
2024-07-25,Internet Fixe,Box,15
2024-07-25,Mobile,Prepaye,32
2024-07-25,Mobile,Postpaye,10
2024-07-25,Mobile,Data,10
2024-07-26,Internet Fixe,Rapido,5
2024-07-26,Internet Fixe,ADSL,0
2024-07-26,Internet Fixe,VDSL,5
2024-07-26,Internet Fixe,FO,9
2024-07-26,Internet Fixe,WAFI,3
2024-07-26,Internet Fixe,Box,13
2024-07-26,Mobile,Prepaye,27
2024-07-26,Mobile,Postpaye,10
2024-07-26,Mobile,Data,16
2024-07-27,Internet Fixe,Rapido,2
2024-07-27,Internet Fixe,ADSL,1
2024-07-27,Internet Fixe,VDSL,1
2024-07-27,Internet Fixe,FO,4
2024-07-27,Internet Fixe,WAFI,2
2024-07-27,Internet Fixe,Box,10
2024-07-27,Mobile,Prepaye,16
2024-07-27,Mobile,Postpaye,7
2024-07-27,Mobile,Data,9
2024-07-28,Internet Fixe,Rapido,2
2024-07-28,Internet Fixe,ADSL,2
2024-07-28,Internet Fixe,VDSL,0
2024-07-28,Internet Fixe,FO,7
2024-07-28,Internet Fixe,WAFI,2
2024-07-28,Internet Fixe,Box,8
2024-07-28,Mobile,Prepaye,9
2024-07-28,Mobile,Postpaye,11
2024-07-28,Mobile,Data,5
2024-07-29,Internet Fixe,Rapido,4
2024-07-29,Internet Fixe,ADSL,1
2024-07-29,Internet Fixe,VDSL,6
2024-07-29,Internet Fixe,FO,11
2024-07-29,Internet Fixe,WAFI,0
2024-07-29,Internet Fixe,Box,23
2024-07-29,Mobile,Prepaye,28
2024-07-29,Mobile,Postpaye,8
2024-07-29,Mobile,Data,20
2024-07-30,Internet Fixe,Rapido,6
2024-07-30,Internet Fixe,ADSL,1
2024-07-30,Internet Fixe,VDSL,8
2024-07-30,Internet Fixe,FO,7
2024-07-30,Internet Fixe,WAFI,2
2024-07-30,Internet Fixe,Box,15
2024-07-30,Mobile,Prepaye,24
2024-07-30,Mobile,Postpaye,13
2024-07-30,Mobile,Data,18
2024-07-31,Internet Fixe,Rapido,7
2024-07-31,Internet Fixe,ADSL,2
2024-07-31,Internet Fixe,VDSL,6
2024-07-31,Internet Fixe,FO,11
2024-07-31,Internet Fixe,WAFI,3
2024-07-31,Internet Fixe,Box,25
2024-07-31,Mobile,Prepaye,20
2024-07-31,Mobile,Postpaye,11
2024-07-31,Mobile,Data,15
2024-08-01,Internet Fixe,Rapido,4
2024-08-01,Internet Fixe,ADSL,2
2024-08-01,Internet Fixe,VDSL,4
2024-08-01,Internet Fixe,FO,6
2024-08-01,Internet Fixe,WAFI,1
2024-08-01,Internet Fixe,Box,12
2024-08-01,Mobile,Prepaye,26
2024-08-01,Mobile,Postpaye,9
2024-08-01,Mobile,Data,13
2024-08-02,Internet Fixe,Rapido,2
2024-08-02,Internet Fixe,ADSL,1
2024-08-02,Internet Fixe,VDSL,4
2024-08-02,Internet Fixe,FO,7
2024-08-02,Internet Fixe,WAFI,5
2024-08-02,Internet Fixe,Box,16
2024-08-02,Mobile,Prepaye,20
2024-08-02,Mobile,Postpaye,12
2024-08-02,Mobile,Data,10
2024-08-03,Internet Fixe,Rapido,5
2024-08-03,Internet Fixe,ADSL,3
2024-08-03,Internet Fixe,VDSL,1
2024-08-03,Internet Fixe,FO,1
2024-08-03,Internet Fixe,WAFI,2
2024-08-03,Internet Fixe,Box,3
2024-08-03,Mobile,Prepaye,7
2024-08-03,Mobile,Postpaye,2
2024-08-03,Mobile,Data,5
2024-08-04,Internet Fixe,Rapido,0
2024-08-04,Internet Fixe,ADSL,0
2024-08-04,Internet Fixe,VDSL,2
2024-08-04,Internet Fixe,FO,2
2024-08-04,Internet Fixe,WAFI,0
2024-08-04,Internet Fixe,Box,3
2024-08-04,Mobile,Prepaye,15
2024-08-04,Mobile,Postpaye,7
2024-08-04,Mobile,Data,7
2024-08-05,Internet Fixe,Rapido,2
2024-08-05,Internet Fixe,ADSL,1
2024-08-05,Internet Fixe,VDSL,11
2024-08-05,Internet Fixe,FO,6
2024-08-05,Internet Fixe,WAFI,3
2024-08-05,Internet Fixe,Box,19
2024-08-05,Mobile,Prepaye,28
2024-08-05,Mobile,Postpaye,11
2024-08-05,Mobile,Data,15
2024-08-06,Internet Fixe,Rapido,7
2024-08-06,Internet Fixe,ADSL,2
2024-08-06,Internet Fixe,VDSL,3
2024-08-06,Internet Fixe,FO,12
2024-08-06,Internet Fixe,WAFI,6
2024-08-06,Internet Fixe,Box,28
2024-08-06,Mobile,Prepaye,36
2024-08-06,Mobile,Postpaye,9
2024-08-06,Mobile,Data,9
2024-08-07,Internet Fixe,Rapido,8
2024-08-07,Internet Fixe,ADSL,0
2024-08-07,Internet Fixe,VDSL,6
2024-08-07,Internet Fixe,FO,6
2024-08-07,Internet Fixe,WAFI,5
2024-08-07,Internet Fixe,Box,22
2024-08-07,Mobile,Prepaye,22
2024-08-07,Mobile,Postpaye,8
2024-08-07,Mobile,Data,17
2024-08-08,Internet Fixe,Rapido,5
2024-08-08,Internet Fixe,ADSL,1
2024-08-08,Internet Fixe,VDSL,5
2024-08-08,Internet Fixe,FO,10
2024-08-08,Internet Fixe,WAFI,2
2024-08-08,Internet Fixe,Box,23
2024-08-08,Mobile,Prepaye,23
2024-08-08,Mobile,Postpaye,8
2024-08-08,Mobile,Data,11
2024-08-09,Internet Fixe,Rapido,4
2024-08-09,Internet Fixe,ADSL,2
2024-08-09,Internet Fixe,VDSL,2
2024-08-09,Internet Fixe,FO,7
2024-08-09,Internet Fixe,WAFI,4
2024-08-09,Internet Fixe,Box,20
2024-08-09,Mobile,Prepaye,27
2024-08-09,Mobile,Postpaye,12
2024-08-09,Mobile,Data,12
2024-08-10,Internet Fixe,Rapido,0
2024-08-10,Internet Fixe,ADSL,3
2024-08-10,Internet Fixe,VDSL,5
2024-08-10,Internet Fixe,FO,2
2024-08-10,Internet Fixe,WAFI,1
2024-08-10,Internet Fixe,Box,11
2024-08-10,Mobile,Prepaye,6
2024-08-10,Mobile,Postpaye,2
2024-08-10,Mobile,Data,14
2024-08-11,Internet Fixe,Rapido,2
2024-08-11,Internet Fixe,ADSL,0
2024-08-11,Internet Fixe,VDSL,4
2024-08-11,Internet Fixe,FO,4
2024-08-11,Internet Fixe,WAFI,0
2024-08-11,Internet Fixe,Box,5
2024-08-11,Mobile,Prepaye,10
2024-08-11,Mobile,Postpaye,7
2024-08-11,Mobile,Data,10
2024-08-12,Internet Fixe,Rapido,5
2024-08-12,Internet Fixe,ADSL,2
2024-08-12,Internet Fixe,VDSL,3
2024-08-12,Internet Fixe,FO,3
2024-08-12,Internet Fixe,WAFI,5
2024-08-12,Internet Fixe,Box,14
2024-08-12,Mobile,Prepaye,26
2024-08-12,Mobile,Postpaye,15
2024-08-12,Mobile,Data,14
2024-08-13,Internet Fixe,Rapido,8
2024-08-13,Internet Fixe,ADSL,3
2024-08-13,Internet Fixe,VDSL,4
2024-08-13,Internet Fixe,FO,6
2024-08-13,Internet Fixe,WAFI,4
2024-08-13,Internet Fixe,Box,21
2024-08-13,Mobile,Prepaye,24
2024-08-13,Mobile,Postpaye,9
2024-08-13,Mobile,Data,13
2024-08-14,Internet Fixe,Rapido,6
2024-08-14,Internet Fixe,ADSL,1
2024-08-14,Internet Fixe,VDSL,2
2024-08-14,Internet Fixe,FO,8
2024-08-14,Internet Fixe,WAFI,8
2024-08-14,Internet Fixe,Box,15
2024-08-14,Mobile,Prepaye,21
2024-08-14,Mobile,Postpaye,9
2024-08-14,Mobile,Data,18
2024-08-15,Internet Fixe,Rapido,5
2024-08-15,Internet Fixe,ADSL,0
2024-08-15,Internet Fixe,VDSL,0
2024-08-15,Internet Fixe,FO,9
2024-08-15,Internet Fixe,WAFI,5
2024-08-15,Internet Fixe,Box,22
2024-08-15,Mobile,Prepaye,33
2024-08-15,Mobile,Postpaye,9
2024-08-15,Mobile,Data,15
2024-08-16,Internet Fixe,Rapido,4
2024-08-16,Internet Fixe,ADSL,3
2024-08-16,Internet Fixe,VDSL,6
2024-08-16,Internet Fixe,FO,12
2024-08-16,Internet Fixe,WAFI,1
2024-08-16,Internet Fixe,Box,18
2024-08-16,Mobile,Prepaye,25
2024-08-16,Mobile,Postpaye,9
2024-08-16,Mobile,Data,16
2024-08-17,Internet Fixe,Rapido,2
2024-08-17,Internet Fixe,ADSL,1
2024-08-17,Internet Fixe,VDSL,4
2024-08-17,Internet Fixe,FO,3
2024-08-17,Internet Fixe,WAFI,0
2024-08-17,Internet Fixe,Box,9
2024-08-17,Mobile,Prepaye,11
2024-08-17,Mobile,Postpaye,1
2024-08-17,Mobile,Data,7
2024-08-18,Internet Fixe,Rapido,2
2024-08-18,Internet Fixe,ADSL,0
2024-08-18,Internet Fixe,VDSL,0
2024-08-18,Internet Fixe,FO,4
2024-08-18,Internet Fixe,WAFI,2
2024-08-18,Internet Fixe,Box,10
2024-08-18,Mobile,Prepaye,11
2024-08-18,Mobile,Postpaye,8
2024-08-18,Mobile,Data,7
2024-08-19,Internet Fixe,Rapido,7
2024-08-19,Internet Fixe,ADSL,1
2024-08-19,Internet Fixe,VDSL,10
2024-08-19,Internet Fixe,FO,10
2024-08-19,Internet Fixe,WAFI,4
2024-08-19,Internet Fixe,Box,21
2024-08-19,Mobile,Prepaye,42
2024-08-19,Mobile,Postpaye,9
2024-08-19,Mobile,Data,10
2024-08-20,Internet Fixe,Rapido,6
2024-08-20,Internet Fixe,ADSL,3
2024-08-20,Internet Fixe,VDSL,5
2024-08-20,Internet Fixe,FO,8
2024-08-20,Internet Fixe,WAFI,2
2024-08-20,Internet Fixe,Box,15
2024-08-20,Mobile,Prepaye,20
2024-08-20,Mobile,Postpaye,10
2024-08-20,Mobile,Data,16
2024-08-21,Internet Fixe,Rapido,1
2024-08-21,Internet Fixe,ADSL,4
2024-08-21,Internet Fixe,VDSL,11
2024-08-21,Internet Fixe,FO,6
2024-08-21,Internet Fixe,WAFI,5
2024-08-21,Internet Fixe,Box,19
2024-08-21,Mobile,Prepaye,26
2024-08-21,Mobile,Postpaye,12
2024-08-21,Mobile,Data,15
2024-08-22,Internet Fixe,Rapido,5
2024-08-22,Internet Fixe,ADSL,1
2024-08-22,Internet Fixe,VDSL,4
2024-08-22,Internet Fixe,FO,10
2024-08-22,Internet Fixe,WAFI,3
2024-08-22,Internet Fixe,Box,17
2024-08-22,Mobile,Prepaye,26
2024-08-22,Mobile,Postpaye,12
2024-08-22,Mobile,Data,14
2024-08-23,Internet Fixe,Rapido,3
2024-08-23,Internet Fixe,ADSL,1
2024-08-23,Internet Fixe,VDSL,6
2024-08-23,Internet Fixe,FO,7
2024-08-23,Internet Fixe,WAFI,3
2024-08-23,Internet Fixe,Box,19
2024-08-23,Mobile,Prepaye,28
2024-08-23,Mobile,Postpaye,4
2024-08-23,Mobile,Data,19
2024-08-24,Internet Fixe,Rapido,2
2024-08-24,Internet Fixe,ADSL,1
2024-08-24,Internet Fixe,VDSL,4
2024-08-24,Internet Fixe,FO,4
2024-08-24,Internet Fixe,WAFI,2
2024-08-24,Internet Fixe,Box,10
2024-08-24,Mobile,Prepaye,12
2024-08-24,Mobile,Postpaye,6
2024-08-24,Mobile,Data,8
2024-08-25,Internet Fixe,Rapido,3
2024-08-25,Internet Fixe,ADSL,1
2024-08-25,Internet Fixe,VDSL,1
2024-08-25,Internet Fixe,FO,4
2024-08-25,Internet Fixe,WAFI,3
2024-08-25,Internet Fixe,Box,9
2024-08-25,Mobile,Prepaye,15
2024-08-25,Mobile,Postpaye,10
2024-08-25,Mobile,Data,5
2024-08-26,Internet Fixe,Rapido,3
2024-08-26,Internet Fixe,ADSL,2
2024-08-26,Internet Fixe,VDSL,4
2024-08-26,Internet Fixe,FO,6
2024-08-26,Internet Fixe,WAFI,2
2024-08-26,Internet Fixe,Box,15
2024-08-26,Mobile,Prepaye,30
2024-08-26,Mobile,Postpaye,13
2024-08-26,Mobile,Data,11
2024-08-27,Internet Fixe,Rapido,1
2024-08-27,Internet Fixe,ADSL,3
2024-08-27,Internet Fixe,VDSL,6
2024-08-27,Internet Fixe,FO,5
2024-08-27,Internet Fixe,WAFI,3
2024-08-27,Internet Fixe,Box,16
2024-08-27,Mobile,Prepaye,27
2024-08-27,Mobile,Postpaye,13
2024-08-27,Mobile,Data,19
2024-08-28,Internet Fixe,Rapido,1
2024-08-28,Internet Fixe,ADSL,3
2024-08-28,Internet Fixe,VDSL,3
2024-08-28,Internet Fixe,FO,7
2024-08-28,Internet Fixe,WAFI,4
2024-08-28,Internet Fixe,Box,12
2024-08-28,Mobile,Prepaye,28
2024-08-28,Mobile,Postpaye,7
2024-08-28,Mobile,Data,16
2024-08-29,Internet Fixe,Rapido,4
2024-08-29,Internet Fixe,ADSL,2
2024-08-29,Internet Fixe,VDSL,1
2024-08-29,Internet Fixe,FO,4
2024-08-29,Internet Fixe,WAFI,1
2024-08-29,Internet Fixe,Box,19
2024-08-29,Mobile,Prepaye,29
2024-08-29,Mobile,Postpaye,14
2024-08-29,Mobile,Data,6
2024-08-30,Internet Fixe,Rapido,4
2024-08-30,Internet Fixe,ADSL,2
2024-08-30,Internet Fixe,VDSL,0
2024-08-30,Internet Fixe,FO,10
2024-08-30,Internet Fixe,WAFI,4
2024-08-30,Internet Fixe,Box,23
2024-08-30,Mobile,Prepaye,19
2024-08-30,Mobile,Postpaye,11
2024-08-30,Mobile,Data,10
2024-08-31,Internet Fixe,Rapido,1
2024-08-31,Internet Fixe,ADSL,1
2024-08-31,Internet Fixe,VDSL,1
2024-08-31,Internet Fixe,FO,3
2024-08-31,Internet Fixe,WAFI,0
2024-08-31,Internet Fixe,Box,7
2024-08-31,Mobile,Prepaye,17
2024-08-31,Mobile,Postpaye,1
2024-08-31,Mobile,Data,6
2024-09-01,Internet Fixe,Rapido,1
2024-09-01,Internet Fixe,ADSL,2
2024-09-01,Internet Fixe,VDSL,1
2024-09-01,Internet Fixe,FO,2
2024-09-01,Internet Fixe,WAFI,0
2024-09-01,Internet Fixe,Box,7
2024-09-01,Mobile,Prepaye,16
2024-09-01,Mobile,Postpaye,6
2024-09-01,Mobile,Data,8
2024-09-02,Internet Fixe,Rapido,4
2024-09-02,Internet Fixe,ADSL,2
2024-09-02,Internet Fixe,VDSL,4
2024-09-02,Internet Fixe,FO,6
2024-09-02,Internet Fixe,WAFI,4
2024-09-02,Internet Fixe,Box,14
2024-09-02,Mobile,Prepaye,28
2024-09-02,Mobile,Postpaye,9
2024-09-02,Mobile,Data,17
2024-09-03,Internet Fixe,Rapido,4
2024-09-03,Internet Fixe,ADSL,2
2024-09-03,Internet Fixe,VDSL,2
2024-09-03,Internet Fixe,FO,3
2024-09-03,Internet Fixe,WAFI,2
2024-09-03,Internet Fixe,Box,19
2024-09-03,Mobile,Prepaye,16
2024-09-03,Mobile,Postpaye,10
2024-09-03,Mobile,Data,11
2024-09-04,Internet Fixe,Rapido,2
2024-09-04,Internet Fixe,ADSL,1
2024-09-04,Internet Fixe,VDSL,5
2024-09-04,Internet Fixe,FO,7
2024-09-04,Internet Fixe,WAFI,0
2024-09-04,Internet Fixe,Box,11
2024-09-04,Mobile,Prepaye,28
2024-09-04,Mobile,Postpaye,8
2024-09-04,Mobile,Data,18
2024-09-05,Internet Fixe,Rapido,7
2024-09-05,Internet Fixe,ADSL,2
2024-09-05,Internet Fixe,VDSL,6
2024-09-05,Internet Fixe,FO,3
2024-09-05,Internet Fixe,WAFI,3
2024-09-05,Internet Fixe,Box,23
2024-09-05,Mobile,Prepaye,29
2024-09-05,Mobile,Postpaye,11
2024-09-05,Mobile,Data,14
2024-09-06,Internet Fixe,Rapido,4
2024-09-06,Internet Fixe,ADSL,5
2024-09-06,Internet Fixe,VDSL,3
2024-09-06,Internet Fixe,FO,6
2024-09-06,Internet Fixe,WAFI,6
2024-09-06,Internet Fixe,Box,15
2024-09-06,Mobile,Prepaye,21
2024-09-06,Mobile,Postpaye,7
2024-09-06,Mobile,Data,10
2024-09-07,Internet Fixe,Rapido,0
2024-09-07,Internet Fixe,ADSL,0
2024-09-07,Internet Fixe,VDSL,1
2024-09-07,Internet Fixe,FO,4
2024-09-07,Internet Fixe,WAFI,2
2024-09-07,Internet Fixe,Box,5
2024-09-07,Mobile,Prepaye,14
2024-09-07,Mobile,Postpaye,3
2024-09-07,Mobile,Data,5
2024-09-08,Internet Fixe,Rapido,1
2024-09-08,Internet Fixe,ADSL,0
2024-09-08,Internet Fixe,VDSL,3
2024-09-08,Internet Fixe,FO,2
2024-09-08,Internet Fixe,WAFI,1
2024-09-08,Internet Fixe,Box,10
2024-09-08,Mobile,Prepaye,8
2024-09-08,Mobile,Postpaye,3
2024-09-08,Mobile,Data,2
2024-09-09,Internet Fixe,Rapido,2
2024-09-09,Internet Fixe,ADSL,1
2024-09-09,Internet Fixe,VDSL,2
2024-09-09,Internet Fixe,FO,12
2024-09-09,Internet Fixe,WAFI,2
2024-09-09,Internet Fixe,Box,16
2024-09-09,Mobile,Prepaye,25
2024-09-09,Mobile,Postpaye,2
2024-09-09,Mobile,Data,15
2024-09-10,Internet Fixe,Rapido,4
2024-09-10,Internet Fixe,ADSL,2
2024-09-10,Internet Fixe,VDSL,5
2024-09-10,Internet Fixe,FO,3
2024-09-10,Internet Fixe,WAFI,2
2024-09-10,Internet Fixe,Box,21
2024-09-10,Mobile,Prepaye,22
2024-09-10,Mobile,Postpaye,14
2024-09-10,Mobile,Data,11
2024-09-11,Internet Fixe,Rapido,4
2024-09-11,Internet Fixe,ADSL,3
2024-09-11,Internet Fixe,VDSL,3
2024-09-11,Internet Fixe,FO,10
2024-09-11,Internet Fixe,WAFI,4
2024-09-11,Internet Fixe,Box,19
2024-09-11,Mobile,Prepaye,23
2024-09-11,Mobile,Postpaye,11
2024-09-11,Mobile,Data,13
2024-09-12,Internet Fixe,Rapido,8
2024-09-12,Internet Fixe,ADSL,1
2024-09-12,Internet Fixe,VDSL,1
2024-09-12,Internet Fixe,FO,7
2024-09-12,Internet Fixe,WAFI,4
2024-09-12,Internet Fixe,Box,20
2024-09-12,Mobile,Prepaye,40
2024-09-12,Mobile,Postpaye,16
2024-09-12,Mobile,Data,17
2024-09-13,Internet Fixe,Rapido,2
2024-09-13,Internet Fixe,ADSL,2
2024-09-13,Internet Fixe,VDSL,3
2024-09-13,Internet Fixe,FO,7
2024-09-13,Internet Fixe,WAFI,2
2024-09-13,Internet Fixe,Box,21
2024-09-13,Mobile,Prepaye,21
2024-09-13,Mobile,Postpaye,9
2024-09-13,Mobile,Data,12
2024-09-14,Internet Fixe,Rapido,2
2024-09-14,Internet Fixe,ADSL,1
2024-09-14,Internet Fixe,VDSL,1
2024-09-14,Internet Fixe,FO,5
2024-09-14,Internet Fixe,WAFI,0
2024-09-14,Internet Fixe,Box,5
2024-09-14,Mobile,Prepaye,13
2024-09-14,Mobile,Postpaye,3
2024-09-14,Mobile,Data,5
2024-09-15,Internet Fixe,Rapido,1
2024-09-15,Internet Fixe,ADSL,1
2024-09-15,Internet Fixe,VDSL,4
2024-09-15,Internet Fixe,FO,5
2024-09-15,Internet Fixe,WAFI,1
2024-09-15,Internet Fixe,Box,6
2024-09-15,Mobile,Prepaye,14
2024-09-15,Mobile,Postpaye,5
2024-09-15,Mobile,Data,6
2024-09-16,Internet Fixe,Rapido,5
2024-09-16,Internet Fixe,ADSL,2
2024-09-16,Internet Fixe,VDSL,5
2024-09-16,Internet Fixe,FO,6
2024-09-16,Internet Fixe,WAFI,6
2024-09-16,Internet Fixe,Box,21
2024-09-16,Mobile,Prepaye,13
2024-09-16,Mobile,Postpaye,9
2024-09-16,Mobile,Data,12
2024-09-17,Internet Fixe,Rapido,1
2024-09-17,Internet Fixe,ADSL,5
2024-09-17,Internet Fixe,VDSL,6
2024-09-17,Internet Fixe,FO,6
2024-09-17,Internet Fixe,WAFI,5
2024-09-17,Internet Fixe,Box,21
2024-09-17,Mobile,Prepaye,29
2024-09-17,Mobile,Postpaye,10
2024-09-17,Mobile,Data,11
2024-09-18,Internet Fixe,Rapido,4
2024-09-18,Internet Fixe,ADSL,3
2024-09-18,Internet Fixe,VDSL,7
2024-09-18,Internet Fixe,FO,9
2024-09-18,Internet Fixe,WAFI,1
2024-09-18,Internet Fixe,Box,21
2024-09-18,Mobile,Prepaye,23
2024-09-18,Mobile,Postpaye,10
2024-09-18,Mobile,Data,12
2024-09-19,Internet Fixe,Rapido,5
2024-09-19,Internet Fixe,ADSL,2
2024-09-19,Internet Fixe,VDSL,9
2024-09-19,Internet Fixe,FO,8
2024-09-19,Internet Fixe,WAFI,8
2024-09-19,Internet Fixe,Box,15
2024-09-19,Mobile,Prepaye,29
2024-09-19,Mobile,Postpaye,11
2024-09-19,Mobile,Data,17
2024-09-20,Internet Fixe,Rapido,2
2024-09-20,Internet Fixe,ADSL,1
2024-09-20,Internet Fixe,VDSL,7
2024-09-20,Internet Fixe,FO,14
2024-09-20,Internet Fixe,WAFI,2
2024-09-20,Internet Fixe,Box,17
2024-09-20,Mobile,Prepaye,30
2024-09-20,Mobile,Postpaye,13
2024-09-20,Mobile,Data,15
2024-09-21,Internet Fixe,Rapido,2
2024-09-21,Internet Fixe,ADSL,1
2024-09-21,Internet Fixe,VDSL,1
2024-09-21,Internet Fixe,FO,7
2024-09-21,Internet Fixe,WAFI,0
2024-09-21,Internet Fixe,Box,10
2024-09-21,Mobile,Prepaye,11
2024-09-21,Mobile,Postpaye,4
2024-09-21,Mobile,Data,8
2024-09-22,Internet Fixe,Rapido,1
2024-09-22,Internet Fixe,ADSL,2
2024-09-22,Internet Fixe,VDSL,1
2024-09-22,Internet Fixe,FO,2
2024-09-22,Internet Fixe,WAFI,1
2024-09-22,Internet Fixe,Box,9
2024-09-22,Mobile,Prepaye,6
2024-09-22,Mobile,Postpaye,5
2024-09-22,Mobile,Data,6
2024-09-23,Internet Fixe,Rapido,2
2024-09-23,Internet Fixe,ADSL,2
2024-09-23,Internet Fixe,VDSL,6
2024-09-23,Internet Fixe,FO,6
2024-09-23,Internet Fixe,WAFI,2
2024-09-23,Internet Fixe,Box,19
2024-09-23,Mobile,Prepaye,24
2024-09-23,Mobile,Postpaye,7
2024-09-23,Mobile,Data,16
2024-09-24,Internet Fixe,Rapido,5
2024-09-24,Internet Fixe,ADSL,2
2024-09-24,Internet Fixe,VDSL,7
2024-09-24,Internet Fixe,FO,9
2024-09-24,Internet Fixe,WAFI,0
2024-09-24,Internet Fixe,Box,12
2024-09-24,Mobile,Prepaye,25
2024-09-24,Mobile,Postpaye,12
2024-09-24,Mobile,Data,11
2024-09-25,Internet Fixe,Rapido,6
2024-09-25,Internet Fixe,ADSL,0
2024-09-25,Internet Fixe,VDSL,4
2024-09-25,Internet Fixe,FO,6
2024-09-25,Internet Fixe,WAFI,7
2024-09-25,Internet Fixe,Box,17
2024-09-25,Mobile,Prepaye,27
2024-09-25,Mobile,Postpaye,11
2024-09-25,Mobile,Data,17
2024-09-26,Internet Fixe,Rapido,10
2024-09-26,Internet Fixe,ADSL,1
2024-09-26,Internet Fixe,VDSL,10
2024-09-26,Internet Fixe,FO,13
2024-09-26,Internet Fixe,WAFI,2
2024-09-26,Internet Fixe,Box,18
2024-09-26,Mobile,Prepaye,20
2024-09-26,Mobile,Postpaye,10
2024-09-26,Mobile,Data,12
2024-09-27,Internet Fixe,Rapido,3
2024-09-27,Internet Fixe,ADSL,3
2024-09-27,Internet Fixe,VDSL,9
2024-09-27,Internet Fixe,FO,10
2024-09-27,Internet Fixe,WAFI,4
2024-09-27,Internet Fixe,Box,17
2024-09-27,Mobile,Prepaye,25
2024-09-27,Mobile,Postpaye,11
2024-09-27,Mobile,Data,18
2024-09-28,Internet Fixe,Rapido,2
2024-09-28,Internet Fixe,ADSL,0
2024-09-28,Internet Fixe,VDSL,1
2024-09-28,Internet Fixe,FO,3
2024-09-28,Internet Fixe,WAFI,0
2024-09-28,Internet Fixe,Box,10
2024-09-28,Mobile,Prepaye,5
2024-09-28,Mobile,Postpaye,5
2024-09-28,Mobile,Data,9
2024-09-29,Internet Fixe,Rapido,0
2024-09-29,Internet Fixe,ADSL,1
2024-09-29,Internet Fixe,VDSL,1
2024-09-29,Internet Fixe,FO,3
2024-09-29,Internet Fixe,WAFI,2
2024-09-29,Internet Fixe,Box,8
2024-09-29,Mobile,Prepaye,11
2024-09-29,Mobile,Postpaye,6
2024-09-29,Mobile,Data,4
2024-09-30,Internet Fixe,Rapido,3
2024-09-30,Internet Fixe,ADSL,6
2024-09-30,Internet Fixe,VDSL,3
2024-09-30,Internet Fixe,FO,4
2024-09-30,Internet Fixe,WAFI,2
2024-09-30,Internet Fixe,Box,13
2024-09-30,Mobile,Prepaye,19
2024-09-30,Mobile,Postpaye,10
2024-09-30,Mobile,Data,18
2024-10-01,Internet Fixe,Rapido,5
2024-10-01,Internet Fixe,ADSL,2
2024-10-01,Internet Fixe,VDSL,3
2024-10-01,Internet Fixe,FO,7
2024-10-01,Internet Fixe,WAFI,1
2024-10-01,Internet Fixe,Box,19
2024-10-01,Mobile,Prepaye,25
2024-10-01,Mobile,Postpaye,3
2024-10-01,Mobile,Data,16
2024-10-02,Internet Fixe,Rapido,2
2024-10-02,Internet Fixe,ADSL,1
2024-10-02,Internet Fixe,VDSL,6
2024-10-02,Internet Fixe,FO,7
2024-10-02,Internet Fixe,WAFI,1
2024-10-02,Internet Fixe,Box,10
2024-10-02,Mobile,Prepaye,20
2024-10-02,Mobile,Postpaye,11
2024-10-02,Mobile,Data,16
2024-10-03,Internet Fixe,Rapido,5
2024-10-03,Internet Fixe,ADSL,1
2024-10-03,Internet Fixe,VDSL,4
2024-10-03,Internet Fixe,FO,4
2024-10-03,Internet Fixe,WAFI,4
2024-10-03,Internet Fixe,Box,11
2024-10-03,Mobile,Prepaye,26
2024-10-03,Mobile,Postpaye,6
2024-10-03,Mobile,Data,8
2024-10-04,Internet Fixe,Rapido,2
2024-10-04,Internet Fixe,ADSL,2
2024-10-04,Internet Fixe,VDSL,7
2024-10-04,Internet Fixe,FO,14
2024-10-04,Internet Fixe,WAFI,1
2024-10-04,Internet Fixe,Box,13
2024-10-04,Mobile,Prepaye,24
2024-10-04,Mobile,Postpaye,4
2024-10-04,Mobile,Data,15
2024-10-05,Internet Fixe,Rapido,1
2024-10-05,Internet Fixe,ADSL,2
2024-10-05,Internet Fixe,VDSL,2
2024-10-05,Internet Fixe,FO,6
2024-10-05,Internet Fixe,WAFI,0
2024-10-05,Internet Fixe,Box,6
2024-10-05,Mobile,Prepaye,7
2024-10-05,Mobile,Postpaye,3
2024-10-05,Mobile,Data,3
2024-10-06,Internet Fixe,Rapido,0
2024-10-06,Internet Fixe,ADSL,1
2024-10-06,Internet Fixe,VDSL,2
2024-10-06,Internet Fixe,FO,4
2024-10-06,Internet Fixe,WAFI,2
2024-10-06,Internet Fixe,Box,7
2024-10-06,Mobile,Prepaye,8
2024-10-06,Mobile,Postpaye,4
2024-10-06,Mobile,Data,4
2024-10-07,Internet Fixe,Rapido,4
2024-10-07,Internet Fixe,ADSL,4
2024-10-07,Internet Fixe,VDSL,5
2024-10-07,Internet Fixe,FO,6
2024-10-07,Internet Fixe,WAFI,9
2024-10-07,Internet Fixe,Box,19
2024-10-07,Mobile,Prepaye,15
2024-10-07,Mobile,Postpaye,5
2024-10-07,Mobile,Data,13
2024-10-08,Internet Fixe,Rapido,4
2024-10-08,Internet Fixe,ADSL,1
2024-10-08,Internet Fixe,VDSL,2
2024-10-08,Internet Fixe,FO,9
2024-10-08,Internet Fixe,WAFI,1
2024-10-08,Internet Fixe,Box,23
2024-10-08,Mobile,Prepaye,23
2024-10-08,Mobile,Postpaye,10
2024-10-08,Mobile,Data,7
2024-10-09,Internet Fixe,Rapido,1
2024-10-09,Internet Fixe,ADSL,5
2024-10-09,Internet Fixe,VDSL,7
2024-10-09,Internet Fixe,FO,2
2024-10-09,Internet Fixe,WAFI,2
2024-10-09,Internet Fixe,Box,15
2024-10-09,Mobile,Prepaye,24
2024-10-09,Mobile,Postpaye,6
2024-10-09,Mobile,Data,14
2024-10-10,Internet Fixe,Rapido,4
2024-10-10,Internet Fixe,ADSL,2
2024-10-10,Internet Fixe,VDSL,4
2024-10-10,Internet Fixe,FO,6
2024-10-10,Internet Fixe,WAFI,1
2024-10-10,Internet Fixe,Box,17
2024-10-10,Mobile,Prepaye,29
2024-10-10,Mobile,Postpaye,11
2024-10-10,Mobile,Data,15
2024-10-11,Internet Fixe,Rapido,6
2024-10-11,Internet Fixe,ADSL,1
2024-10-11,Internet Fixe,VDSL,8
2024-10-11,Internet Fixe,FO,7
2024-10-11,Internet Fixe,WAFI,5
2024-10-11,Internet Fixe,Box,11
2024-10-11,Mobile,Prepaye,22
2024-10-11,Mobile,Postpaye,9
2024-10-11,Mobile,Data,9
2024-10-12,Internet Fixe,Rapido,2
2024-10-12,Internet Fixe,ADSL,0
2024-10-12,Internet Fixe,VDSL,0
2024-10-12,Internet Fixe,FO,4
2024-10-12,Internet Fixe,WAFI,1
2024-10-12,Internet Fixe,Box,8
2024-10-12,Mobile,Prepaye,12
2024-10-12,Mobile,Postpaye,3
2024-10-12,Mobile,Data,9
2024-10-13,Internet Fixe,Rapido,0
2024-10-13,Internet Fixe,ADSL,1
2024-10-13,Internet Fixe,VDSL,2
2024-10-13,Internet Fixe,FO,4
2024-10-13,Internet Fixe,WAFI,1
2024-10-13,Internet Fixe,Box,11
2024-10-13,Mobile,Prepaye,10
2024-10-13,Mobile,Postpaye,2
2024-10-13,Mobile,Data,6
2024-10-14,Internet Fixe,Rapido,6
2024-10-14,Internet Fixe,ADSL,1
2024-10-14,Internet Fixe,VDSL,5
2024-10-14,Internet Fixe,FO,9
2024-10-14,Internet Fixe,WAFI,1
2024-10-14,Internet Fixe,Box,19
2024-10-14,Mobile,Prepaye,13
2024-10-14,Mobile,Postpaye,11
2024-10-14,Mobile,Data,15
2024-10-15,Internet Fixe,Rapido,4
2024-10-15,Internet Fixe,ADSL,5
2024-10-15,Internet Fixe,VDSL,6
2024-10-15,Internet Fixe,FO,8
2024-10-15,Internet Fixe,WAFI,3
2024-10-15,Internet Fixe,Box,16
2024-10-15,Mobile,Prepaye,14
2024-10-15,Mobile,Postpaye,5
2024-10-15,Mobile,Data,12
2024-10-16,Internet Fixe,Rapido,3
2024-10-16,Internet Fixe,ADSL,0
2024-10-16,Internet Fixe,VDSL,3
2024-10-16,Internet Fixe,FO,6
2024-10-16,Internet Fixe,WAFI,4
2024-10-16,Internet Fixe,Box,12
2024-10-16,Mobile,Prepaye,27
2024-10-16,Mobile,Postpaye,11
2024-10-16,Mobile,Data,16
2024-10-17,Internet Fixe,Rapido,1
2024-10-17,Internet Fixe,ADSL,2
2024-10-17,Internet Fixe,VDSL,5
2024-10-17,Internet Fixe,FO,4
2024-10-17,Internet Fixe,WAFI,3
2024-10-17,Internet Fixe,Box,24
2024-10-17,Mobile,Prepaye,29
2024-10-17,Mobile,Postpaye,7
2024-10-17,Mobile,Data,10
2024-10-18,Internet Fixe,Rapido,3
2024-10-18,Internet Fixe,ADSL,5
2024-10-18,Internet Fixe,VDSL,5
2024-10-18,Internet Fixe,FO,4
2024-10-18,Internet Fixe,WAFI,3
2024-10-18,Internet Fixe,Box,8
2024-10-18,Mobile,Prepaye,25
2024-10-18,Mobile,Postpaye,7
2024-10-18,Mobile,Data,13
2024-10-19,Internet Fixe,Rapido,2
2024-10-19,Internet Fixe,ADSL,0
2024-10-19,Internet Fixe,VDSL,1
2024-10-19,Internet Fixe,FO,3
2024-10-19,Internet Fixe,WAFI,1
2024-10-19,Internet Fixe,Box,17
2024-10-19,Mobile,Prepaye,7
2024-10-19,Mobile,Postpaye,6
2024-10-19,Mobile,Data,10
2024-10-20,Internet Fixe,Rapido,0
2024-10-20,Internet Fixe,ADSL,1
2024-10-20,Internet Fixe,VDSL,2
2024-10-20,Internet Fixe,FO,2
2024-10-20,Internet Fixe,WAFI,4
2024-10-20,Internet Fixe,Box,7
2024-10-20,Mobile,Prepaye,13
2024-10-20,Mobile,Postpaye,5
2024-10-20,Mobile,Data,2
2024-10-21,Internet Fixe,Rapido,4
2024-10-21,Internet Fixe,ADSL,1
2024-10-21,Internet Fixe,VDSL,2
2024-10-21,Internet Fixe,FO,9
2024-10-21,Internet Fixe,WAFI,4
2024-10-21,Internet Fixe,Box,12
2024-10-21,Mobile,Prepaye,27
2024-10-21,Mobile,Postpaye,5
2024-10-21,Mobile,Data,14
2024-10-22,Internet Fixe,Rapido,3
2024-10-22,Internet Fixe,ADSL,4
2024-10-22,Internet Fixe,VDSL,4
2024-10-22,Internet Fixe,FO,9
2024-10-22,Internet Fixe,WAFI,2
2024-10-22,Internet Fixe,Box,15
2024-10-22,Mobile,Prepaye,26
2024-10-22,Mobile,Postpaye,9
2024-10-22,Mobile,Data,16
2024-10-23,Internet Fixe,Rapido,3
2024-10-23,Internet Fixe,ADSL,1
2024-10-23,Internet Fixe,VDSL,4
2024-10-23,Internet Fixe,FO,13
2024-10-23,Internet Fixe,WAFI,1
2024-10-23,Internet Fixe,Box,17
2024-10-23,Mobile,Prepaye,20
2024-10-23,Mobile,Postpaye,9
2024-10-23,Mobile,Data,14
2024-10-24,Internet Fixe,Rapido,2
2024-10-24,Internet Fixe,ADSL,0
2024-10-24,Internet Fixe,VDSL,5
2024-10-24,Internet Fixe,FO,6
2024-10-24,Internet Fixe,WAFI,5
2024-10-24,Internet Fixe,Box,22
2024-10-24,Mobile,Prepaye,18
2024-10-24,Mobile,Postpaye,12
2024-10-24,Mobile,Data,12
2024-10-25,Internet Fixe,Rapido,2
2024-10-25,Internet Fixe,ADSL,4
2024-10-25,Internet Fixe,VDSL,4
2024-10-25,Internet Fixe,FO,4
2024-10-25,Internet Fixe,WAFI,4
2024-10-25,Internet Fixe,Box,22
2024-10-25,Mobile,Prepaye,21
2024-10-25,Mobile,Postpaye,9
2024-10-25,Mobile,Data,9
2024-10-26,Internet Fixe,Rapido,0
2024-10-26,Internet Fixe,ADSL,1
2024-10-26,Internet Fixe,VDSL,0
2024-10-26,Internet Fixe,FO,2
2024-10-26,Internet Fixe,WAFI,0
2024-10-26,Internet Fixe,Box,12
2024-10-26,Mobile,Prepaye,14
2024-10-26,Mobile,Postpaye,4
2024-10-26,Mobile,Data,8
2024-10-27,Internet Fixe,Rapido,0
2024-10-27,Internet Fixe,ADSL,2
2024-10-27,Internet Fixe,VDSL,2
2024-10-27,Internet Fixe,FO,4
2024-10-27,Internet Fixe,WAFI,3
2024-10-27,Internet Fixe,Box,9
2024-10-27,Mobile,Prepaye,13
2024-10-27,Mobile,Postpaye,3
2024-10-27,Mobile,Data,7
2024-10-28,Internet Fixe,Rapido,2
2024-10-28,Internet Fixe,ADSL,0
2024-10-28,Internet Fixe,VDSL,3
2024-10-28,Internet Fixe,FO,10
2024-10-28,Internet Fixe,WAFI,4
2024-10-28,Internet Fixe,Box,19
2024-10-28,Mobile,Prepaye,19
2024-10-28,Mobile,Postpaye,7
2024-10-28,Mobile,Data,18
2024-10-29,Internet Fixe,Rapido,5
2024-10-29,Internet Fixe,ADSL,2
2024-10-29,Internet Fixe,VDSL,8
2024-10-29,Internet Fixe,FO,5
2024-10-29,Internet Fixe,WAFI,2
2024-10-29,Internet Fixe,Box,19
2024-10-29,Mobile,Prepaye,20
2024-10-29,Mobile,Postpaye,11
2024-10-29,Mobile,Data,13
2024-10-30,Internet Fixe,Rapido,4
2024-10-30,Internet Fixe,ADSL,2
2024-10-30,Internet Fixe,VDSL,7
2024-10-30,Internet Fixe,FO,4
2024-10-30,Internet Fixe,WAFI,1
2024-10-30,Internet Fixe,Box,10
2024-10-30,Mobile,Prepaye,28
2024-10-30,Mobile,Postpaye,13
2024-10-30,Mobile,Data,6
2024-10-31,Internet Fixe,Rapido,2
2024-10-31,Internet Fixe,ADSL,4
2024-10-31,Internet Fixe,VDSL,10
2024-10-31,Internet Fixe,FO,4
2024-10-31,Internet Fixe,WAFI,2
2024-10-31,Internet Fixe,Box,16
2024-10-31,Mobile,Prepaye,29
2024-10-31,Mobile,Postpaye,8
2024-10-31,Mobile,Data,12
2024-11-01,Internet Fixe,Rapido,5
2024-11-01,Internet Fixe,ADSL,3
2024-11-01,Internet Fixe,VDSL,5
2024-11-01,Internet Fixe,FO,7
2024-11-01,Internet Fixe,WAFI,1
2024-11-01,Internet Fixe,Box,20
2024-11-01,Mobile,Prepaye,20
2024-11-01,Mobile,Postpaye,15
2024-11-01,Mobile,Data,13
2024-11-02,Internet Fixe,Rapido,3
2024-11-02,Internet Fixe,ADSL,0
2024-11-02,Internet Fixe,VDSL,2
2024-11-02,Internet Fixe,FO,3
2024-11-02,Internet Fixe,WAFI,3
2024-11-02,Internet Fixe,Box,2
2024-11-02,Mobile,Prepaye,13
2024-11-02,Mobile,Postpaye,3
2024-11-02,Mobile,Data,6
2024-11-03,Internet Fixe,Rapido,1
2024-11-03,Internet Fixe,ADSL,1
2024-11-03,Internet Fixe,VDSL,1
2024-11-03,Internet Fixe,FO,4
2024-11-03,Internet Fixe,WAFI,3
2024-11-03,Internet Fixe,Box,7
2024-11-03,Mobile,Prepaye,10
2024-11-03,Mobile,Postpaye,5
2024-11-03,Mobile,Data,7
2024-11-04,Internet Fixe,Rapido,4
2024-11-04,Internet Fixe,ADSL,3
2024-11-04,Internet Fixe,VDSL,6
2024-11-04,Internet Fixe,FO,7
2024-11-04,Internet Fixe,WAFI,8
2024-11-04,Internet Fixe,Box,19
2024-11-04,Mobile,Prepaye,32
2024-11-04,Mobile,Postpaye,10
2024-11-04,Mobile,Data,17
2024-11-05,Internet Fixe,Rapido,8
2024-11-05,Internet Fixe,ADSL,1
2024-11-05,Internet Fixe,VDSL,6
2024-11-05,Internet Fixe,FO,6
2024-11-05,Internet Fixe,WAFI,2
2024-11-05,Internet Fixe,Box,24
2024-11-05,Mobile,Prepaye,21
2024-11-05,Mobile,Postpaye,8
2024-11-05,Mobile,Data,21
2024-11-06,Internet Fixe,Rapido,5
2024-11-06,Internet Fixe,ADSL,0
2024-11-06,Internet Fixe,VDSL,6
2024-11-06,Internet Fixe,FO,7
2024-11-06,Internet Fixe,WAFI,0
2024-11-06,Internet Fixe,Box,12
2024-11-06,Mobile,Prepaye,24
2024-11-06,Mobile,Postpaye,13
2024-11-06,Mobile,Data,16
2024-11-07,Internet Fixe,Rapido,4
2024-11-07,Internet Fixe,ADSL,1
2024-11-07,Internet Fixe,VDSL,4
2024-11-07,Internet Fixe,FO,6
2024-11-07,Internet Fixe,WAFI,0
2024-11-07,Internet Fixe,Box,31
2024-11-07,Mobile,Prepaye,26
2024-11-07,Mobile,Postpaye,13
2024-11-07,Mobile,Data,14
2024-11-08,Internet Fixe,Rapido,3
2024-11-08,Internet Fixe,ADSL,2
2024-11-08,Internet Fixe,VDSL,5
2024-11-08,Internet Fixe,FO,8
2024-11-08,Internet Fixe,WAFI,2
2024-11-08,Internet Fixe,Box,18
2024-11-08,Mobile,Prepaye,27
2024-11-08,Mobile,Postpaye,4
2024-11-08,Mobile,Data,17
2024-11-09,Internet Fixe,Rapido,3
2024-11-09,Internet Fixe,ADSL,0
2024-11-09,Internet Fixe,VDSL,4
2024-11-09,Internet Fixe,FO,2
2024-11-09,Internet Fixe,WAFI,0
2024-11-09,Internet Fixe,Box,8
2024-11-09,Mobile,Prepaye,12
2024-11-09,Mobile,Postpaye,6
2024-11-09,Mobile,Data,7
2024-11-10,Internet Fixe,Rapido,1
2024-11-10,Internet Fixe,ADSL,2
2024-11-10,Internet Fixe,VDSL,2
2024-11-10,Internet Fixe,FO,2
2024-11-10,Internet Fixe,WAFI,0
2024-11-10,Internet Fixe,Box,8
2024-11-10,Mobile,Prepaye,17
2024-11-10,Mobile,Postpaye,4
2024-11-10,Mobile,Data,7
2024-11-11,Internet Fixe,Rapido,3
2024-11-11,Internet Fixe,ADSL,2
2024-11-11,Internet Fixe,VDSL,5
2024-11-11,Internet Fixe,FO,5
2024-11-11,Internet Fixe,WAFI,3
2024-11-11,Internet Fixe,Box,11
2024-11-11,Mobile,Prepaye,21
2024-11-11,Mobile,Postpaye,12
2024-11-11,Mobile,Data,14
2024-11-12,Internet Fixe,Rapido,5
2024-11-12,Internet Fixe,ADSL,4
2024-11-12,Internet Fixe,VDSL,4
2024-11-12,Internet Fixe,FO,10
2024-11-12,Internet Fixe,WAFI,1
2024-11-12,Internet Fixe,Box,10
2024-11-12,Mobile,Prepaye,25
2024-11-12,Mobile,Postpaye,14
2024-11-12,Mobile,Data,14
2024-11-13,Internet Fixe,Rapido,3
2024-11-13,Internet Fixe,ADSL,3
2024-11-13,Internet Fixe,VDSL,8
2024-11-13,Internet Fixe,FO,4
2024-11-13,Internet Fixe,WAFI,3
2024-11-13,Internet Fixe,Box,10
2024-11-13,Mobile,Prepaye,24
2024-11-13,Mobile,Postpaye,8
2024-11-13,Mobile,Data,15
2024-11-14,Internet Fixe,Rapido,3
2024-11-14,Internet Fixe,ADSL,3
2024-11-14,Internet Fixe,VDSL,8
2024-11-14,Internet Fixe,FO,8
2024-11-14,Internet Fixe,WAFI,3
2024-11-14,Internet Fixe,Box,23
2024-11-14,Mobile,Prepaye,26
2024-11-14,Mobile,Postpaye,6
2024-11-14,Mobile,Data,12
2024-11-15,Internet Fixe,Rapido,1
2024-11-15,Internet Fixe,ADSL,3
2024-11-15,Internet Fixe,VDSL,10
2024-11-15,Internet Fixe,FO,6
2024-11-15,Internet Fixe,WAFI,3
2024-11-15,Internet Fixe,Box,26
2024-11-15,Mobile,Prepaye,37
2024-11-15,Mobile,Postpaye,4
2024-11-15,Mobile,Data,15
2024-11-16,Internet Fixe,Rapido,1
2024-11-16,Internet Fixe,ADSL,0
2024-11-16,Internet Fixe,VDSL,5
2024-11-16,Internet Fixe,FO,4
2024-11-16,Internet Fixe,WAFI,1
2024-11-16,Internet Fixe,Box,9
2024-11-16,Mobile,Prepaye,14
2024-11-16,Mobile,Postpaye,1
2024-11-16,Mobile,Data,8
2024-11-17,Internet Fixe,Rapido,0
2024-11-17,Internet Fixe,ADSL,0
2024-11-17,Internet Fixe,VDSL,0
2024-11-17,Internet Fixe,FO,4
2024-11-17,Internet Fixe,WAFI,1
2024-11-17,Internet Fixe,Box,11
2024-11-17,Mobile,Prepaye,11
2024-11-17,Mobile,Postpaye,3
2024-11-17,Mobile,Data,3
2024-11-18,Internet Fixe,Rapido,2
2024-11-18,Internet Fixe,ADSL,2
2024-11-18,Internet Fixe,VDSL,8
2024-11-18,Internet Fixe,FO,3
2024-11-18,Internet Fixe,WAFI,2
2024-11-18,Internet Fixe,Box,19
2024-11-18,Mobile,Prepaye,21
2024-11-18,Mobile,Postpaye,8
2024-11-18,Mobile,Data,13
2024-11-19,Internet Fixe,Rapido,2
2024-11-19,Internet Fixe,ADSL,1
2024-11-19,Internet Fixe,VDSL,1
2024-11-19,Internet Fixe,FO,9
2024-11-19,Internet Fixe,WAFI,2
2024-11-19,Internet Fixe,Box,18
2024-11-19,Mobile,Prepaye,23
2024-11-19,Mobile,Postpaye,16
2024-11-19,Mobile,Data,10
2024-11-20,Internet Fixe,Rapido,4
2024-11-20,Internet Fixe,ADSL,3
2024-11-20,Internet Fixe,VDSL,4
2024-11-20,Internet Fixe,FO,5
2024-11-20,Internet Fixe,WAFI,4
2024-11-20,Internet Fixe,Box,21
2024-11-20,Mobile,Prepaye,23
2024-11-20,Mobile,Postpaye,6
2024-11-20,Mobile,Data,9
2024-11-21,Internet Fixe,Rapido,4
2024-11-21,Internet Fixe,ADSL,2
2024-11-21,Internet Fixe,VDSL,8
2024-11-21,Internet Fixe,FO,3
2024-11-21,Internet Fixe,WAFI,9
2024-11-21,Internet Fixe,Box,17
2024-11-21,Mobile,Prepaye,24
2024-11-21,Mobile,Postpaye,12
2024-11-21,Mobile,Data,17
2024-11-22,Internet Fixe,Rapido,4
2024-11-22,Internet Fixe,ADSL,1
2024-11-22,Internet Fixe,VDSL,6
2024-11-22,Internet Fixe,FO,7
2024-11-22,Internet Fixe,WAFI,2
2024-11-22,Internet Fixe,Box,11
2024-11-22,Mobile,Prepaye,14
2024-11-22,Mobile,Postpaye,14
2024-11-22,Mobile,Data,8
2024-11-23,Internet Fixe,Rapido,0
2024-11-23,Internet Fixe,ADSL,0
2024-11-23,Internet Fixe,VDSL,2
2024-11-23,Internet Fixe,FO,4
2024-11-23,Internet Fixe,WAFI,1
2024-11-23,Internet Fixe,Box,10
2024-11-23,Mobile,Prepaye,12
2024-11-23,Mobile,Postpaye,7
2024-11-23,Mobile,Data,4
2024-11-24,Internet Fixe,Rapido,1
2024-11-24,Internet Fixe,ADSL,1
2024-11-24,Internet Fixe,VDSL,1
2024-11-24,Internet Fixe,FO,3
2024-11-24,Internet Fixe,WAFI,0
2024-11-24,Internet Fixe,Box,8
2024-11-24,Mobile,Prepaye,11
2024-11-24,Mobile,Postpaye,7
2024-11-24,Mobile,Data,9
2024-11-25,Internet Fixe,Rapido,2
2024-11-25,Internet Fixe,ADSL,2
2024-11-25,Internet Fixe,VDSL,4
2024-11-25,Internet Fixe,FO,8
2024-11-25,Internet Fixe,WAFI,1
2024-11-25,Internet Fixe,Box,17
2024-11-25,Mobile,Prepaye,21
2024-11-25,Mobile,Postpaye,7
2024-11-25,Mobile,Data,9
2024-11-26,Internet Fixe,Rapido,6
2024-11-26,Internet Fixe,ADSL,1
2024-11-26,Internet Fixe,VDSL,6
2024-11-26,Internet Fixe,FO,10
2024-11-26,Internet Fixe,WAFI,2
2024-11-26,Internet Fixe,Box,20
2024-11-26,Mobile,Prepaye,29
2024-11-26,Mobile,Postpaye,10
2024-11-26,Mobile,Data,15
2024-11-27,Internet Fixe,Rapido,3
2024-11-27,Internet Fixe,ADSL,1
2024-11-27,Internet Fixe,VDSL,4
2024-11-27,Internet Fixe,FO,10
2024-11-27,Internet Fixe,WAFI,3
2024-11-27,Internet Fixe,Box,15
2024-11-27,Mobile,Prepaye,33
2024-11-27,Mobile,Postpaye,10
2024-11-27,Mobile,Data,9
2024-11-28,Internet Fixe,Rapido,2
2024-11-28,Internet Fixe,ADSL,4
2024-11-28,Internet Fixe,VDSL,7
2024-11-28,Internet Fixe,FO,8
2024-11-28,Internet Fixe,WAFI,4
2024-11-28,Internet Fixe,Box,19
2024-11-28,Mobile,Prepaye,14
2024-11-28,Mobile,Postpaye,6
2024-11-28,Mobile,Data,20
2024-11-29,Internet Fixe,Rapido,4
2024-11-29,Internet Fixe,ADSL,1
2024-11-29,Internet Fixe,VDSL,6
2024-11-29,Internet Fixe,FO,9
2024-11-29,Internet Fixe,WAFI,0
2024-11-29,Internet Fixe,Box,14
2024-11-29,Mobile,Prepaye,18
2024-11-29,Mobile,Postpaye,10
2024-11-29,Mobile,Data,9
2024-11-30,Internet Fixe,Rapido,1
2024-11-30,Internet Fixe,ADSL,2
2024-11-30,Internet Fixe,VDSL,1
2024-11-30,Internet Fixe,FO,5
2024-11-30,Internet Fixe,WAFI,5
2024-11-30,Internet Fixe,Box,7
2024-11-30,Mobile,Prepaye,7
2024-11-30,Mobile,Postpaye,4
2024-11-30,Mobile,Data,2
2024-12-01,Internet Fixe,Rapido,1
2024-12-01,Internet Fixe,ADSL,0
2024-12-01,Internet Fixe,VDSL,1
2024-12-01,Internet Fixe,FO,2
2024-12-01,Internet Fixe,WAFI,0
2024-12-01,Internet Fixe,Box,6
2024-12-01,Mobile,Prepaye,8
2024-12-01,Mobile,Postpaye,6
2024-12-01,Mobile,Data,8
2024-12-02,Internet Fixe,Rapido,1
2024-12-02,Internet Fixe,ADSL,3
2024-12-02,Internet Fixe,VDSL,11
2024-12-02,Internet Fixe,FO,9
2024-12-02,Internet Fixe,WAFI,4
2024-12-02,Internet Fixe,Box,18
2024-12-02,Mobile,Prepaye,22
2024-12-02,Mobile,Postpaye,12
2024-12-02,Mobile,Data,16
2024-12-03,Internet Fixe,Rapido,5
2024-12-03,Internet Fixe,ADSL,3
2024-12-03,Internet Fixe,VDSL,5
2024-12-03,Internet Fixe,FO,10
2024-12-03,Internet Fixe,WAFI,1
2024-12-03,Internet Fixe,Box,17
2024-12-03,Mobile,Prepaye,27
2024-12-03,Mobile,Postpaye,13
2024-12-03,Mobile,Data,15
2024-12-04,Internet Fixe,Rapido,1
2024-12-04,Internet Fixe,ADSL,3
2024-12-04,Internet Fixe,VDSL,11
2024-12-04,Internet Fixe,FO,6
2024-12-04,Internet Fixe,WAFI,1
2024-12-04,Internet Fixe,Box,18
2024-12-04,Mobile,Prepaye,31
2024-12-04,Mobile,Postpaye,10
2024-12-04,Mobile,Data,9
2024-12-05,Internet Fixe,Rapido,5
2024-12-05,Internet Fixe,ADSL,2
2024-12-05,Internet Fixe,VDSL,4
2024-12-05,Internet Fixe,FO,9
2024-12-05,Internet Fixe,WAFI,4
2024-12-05,Internet Fixe,Box,18
2024-12-05,Mobile,Prepaye,33
2024-12-05,Mobile,Postpaye,8
2024-12-05,Mobile,Data,12
2024-12-06,Internet Fixe,Rapido,4
2024-12-06,Internet Fixe,ADSL,5
2024-12-06,Internet Fixe,VDSL,8
2024-12-06,Internet Fixe,FO,9
2024-12-06,Internet Fixe,WAFI,2
2024-12-06,Internet Fixe,Box,24
2024-12-06,Mobile,Prepaye,16
2024-12-06,Mobile,Postpaye,9
2024-12-06,Mobile,Data,18
2024-12-07,Internet Fixe,Rapido,3
2024-12-07,Internet Fixe,ADSL,1
2024-12-07,Internet Fixe,VDSL,5
2024-12-07,Internet Fixe,FO,7
2024-12-07,Internet Fixe,WAFI,1
2024-12-07,Internet Fixe,Box,9
2024-12-07,Mobile,Prepaye,9
2024-12-07,Mobile,Postpaye,6
2024-12-07,Mobile,Data,7
2024-12-08,Internet Fixe,Rapido,1
2024-12-08,Internet Fixe,ADSL,1
2024-12-08,Internet Fixe,VDSL,6
2024-12-08,Internet Fixe,FO,2
2024-12-08,Internet Fixe,WAFI,2
2024-12-08,Internet Fixe,Box,3
2024-12-08,Mobile,Prepaye,10
2024-12-08,Mobile,Postpaye,4
2024-12-08,Mobile,Data,10
2024-12-09,Internet Fixe,Rapido,6
2024-12-09,Internet Fixe,ADSL,3
2024-12-09,Internet Fixe,VDSL,8
2024-12-09,Internet Fixe,FO,13
2024-12-09,Internet Fixe,WAFI,3
2024-12-09,Internet Fixe,Box,16
2024-12-09,Mobile,Prepaye,37
2024-12-09,Mobile,Postpaye,9
2024-12-09,Mobile,Data,15
2024-12-10,Internet Fixe,Rapido,1
2024-12-10,Internet Fixe,ADSL,1
2024-12-10,Internet Fixe,VDSL,11
2024-12-10,Internet Fixe,FO,7
2024-12-10,Internet Fixe,WAFI,3
2024-12-10,Internet Fixe,Box,19
2024-12-10,Mobile,Prepaye,26
2024-12-10,Mobile,Postpaye,16
2024-12-10,Mobile,Data,18
2024-12-11,Internet Fixe,Rapido,3
2024-12-11,Internet Fixe,ADSL,5
2024-12-11,Internet Fixe,VDSL,6
2024-12-11,Internet Fixe,FO,4
2024-12-11,Internet Fixe,WAFI,3
2024-12-11,Internet Fixe,Box,16
2024-12-11,Mobile,Prepaye,34
2024-12-11,Mobile,Postpaye,14
2024-12-11,Mobile,Data,17
2024-12-12,Internet Fixe,Rapido,5
2024-12-12,Internet Fixe,ADSL,4
2024-12-12,Internet Fixe,VDSL,6
2024-12-12,Internet Fixe,FO,14
2024-12-12,Internet Fixe,WAFI,5
2024-12-12,Internet Fixe,Box,18
2024-12-12,Mobile,Prepaye,31
2024-12-12,Mobile,Postpaye,5
2024-12-12,Mobile,Data,19
2024-12-13,Internet Fixe,Rapido,3
2024-12-13,Internet Fixe,ADSL,3
2024-12-13,Internet Fixe,VDSL,11
2024-12-13,Internet Fixe,FO,8
2024-12-13,Internet Fixe,WAFI,1
2024-12-13,Internet Fixe,Box,16
2024-12-13,Mobile,Prepaye,33
2024-12-13,Mobile,Postpaye,13
2024-12-13,Mobile,Data,14
2024-12-14,Internet Fixe,Rapido,4
2024-12-14,Internet Fixe,ADSL,0
2024-12-14,Internet Fixe,VDSL,3
2024-12-14,Internet Fixe,FO,3
2024-12-14,Internet Fixe,WAFI,3
2024-12-14,Internet Fixe,Box,5
2024-12-14,Mobile,Prepaye,12
2024-12-14,Mobile,Postpaye,0
2024-12-14,Mobile,Data,4
2024-12-15,Internet Fixe,Rapido,2
2024-12-15,Internet Fixe,ADSL,1
2024-12-15,Internet Fixe,VDSL,3
2024-12-15,Internet Fixe,FO,4
2024-12-15,Internet Fixe,WAFI,4
2024-12-15,Internet Fixe,Box,11
2024-12-15,Mobile,Prepaye,8
2024-12-15,Mobile,Postpaye,4
2024-12-15,Mobile,Data,6
2024-12-16,Internet Fixe,Rapido,7
2024-12-16,Internet Fixe,ADSL,3
2024-12-16,Internet Fixe,VDSL,5
2024-12-16,Internet Fixe,FO,12
2024-12-16,Internet Fixe,WAFI,2
2024-12-16,Internet Fixe,Box,7
2024-12-16,Mobile,Prepaye,19
2024-12-16,Mobile,Postpaye,14
2024-12-16,Mobile,Data,14
2024-12-17,Internet Fixe,Rapido,4
2024-12-17,Internet Fixe,ADSL,0
2024-12-17,Internet Fixe,VDSL,3
2024-12-17,Internet Fixe,FO,8
2024-12-17,Internet Fixe,WAFI,1
2024-12-17,Internet Fixe,Box,15
2024-12-17,Mobile,Prepaye,28
2024-12-17,Mobile,Postpaye,16
2024-12-17,Mobile,Data,10
2024-12-18,Internet Fixe,Rapido,6
2024-12-18,Internet Fixe,ADSL,0
2024-12-18,Internet Fixe,VDSL,4
2024-12-18,Internet Fixe,FO,8
2024-12-18,Internet Fixe,WAFI,2
2024-12-18,Internet Fixe,Box,16
2024-12-18,Mobile,Prepaye,33
2024-12-18,Mobile,Postpaye,12
2024-12-18,Mobile,Data,17
2024-12-19,Internet Fixe,Rapido,0
2024-12-19,Internet Fixe,ADSL,0
2024-12-19,Internet Fixe,VDSL,6
2024-12-19,Internet Fixe,FO,8
2024-12-19,Internet Fixe,WAFI,5
2024-12-19,Internet Fixe,Box,22
2024-12-19,Mobile,Prepaye,29
2024-12-19,Mobile,Postpaye,12
2024-12-19,Mobile,Data,16
2024-12-20,Internet Fixe,Rapido,5
2024-12-20,Internet Fixe,ADSL,3
2024-12-20,Internet Fixe,VDSL,5
2024-12-20,Internet Fixe,FO,9
2024-12-20,Internet Fixe,WAFI,2
2024-12-20,Internet Fixe,Box,13
2024-12-20,Mobile,Prepaye,24
2024-12-20,Mobile,Postpaye,10
2024-12-20,Mobile,Data,6
2024-12-21,Internet Fixe,Rapido,3
2024-12-21,Internet Fixe,ADSL,1
2024-12-21,Internet Fixe,VDSL,2
2024-12-21,Internet Fixe,FO,5
2024-12-21,Internet Fixe,WAFI,2
2024-12-21,Internet Fixe,Box,12
2024-12-21,Mobile,Prepaye,13
2024-12-21,Mobile,Postpaye,3
2024-12-21,Mobile,Data,9
2024-12-22,Internet Fixe,Rapido,0
2024-12-22,Internet Fixe,ADSL,0
2024-12-22,Internet Fixe,VDSL,0
2024-12-22,Internet Fixe,FO,8
2024-12-22,Internet Fixe,WAFI,3
2024-12-22,Internet Fixe,Box,4
2024-12-22,Mobile,Prepaye,9
2024-12-22,Mobile,Postpaye,4
2024-12-22,Mobile,Data,10
2024-12-23,Internet Fixe,Rapido,5
2024-12-23,Internet Fixe,ADSL,1
2024-12-23,Internet Fixe,VDSL,2
2024-12-23,Internet Fixe,FO,13
2024-12-23,Internet Fixe,WAFI,3
2024-12-23,Internet Fixe,Box,16
2024-12-23,Mobile,Prepaye,30
2024-12-23,Mobile,Postpaye,15
2024-12-23,Mobile,Data,21
2024-12-24,Internet Fixe,Rapido,5
2024-12-24,Internet Fixe,ADSL,1
2024-12-24,Internet Fixe,VDSL,3
2024-12-24,Internet Fixe,FO,13
2024-12-24,Internet Fixe,WAFI,1
2024-12-24,Internet Fixe,Box,23
2024-12-24,Mobile,Prepaye,28
2024-12-24,Mobile,Postpaye,11
2024-12-24,Mobile,Data,20
2024-12-25,Internet Fixe,Rapido,5
2024-12-25,Internet Fixe,ADSL,4
2024-12-25,Internet Fixe,VDSL,3
2024-12-25,Internet Fixe,FO,8
2024-12-25,Internet Fixe,WAFI,1
2024-12-25,Internet Fixe,Box,23
2024-12-25,Mobile,Prepaye,21
2024-12-25,Mobile,Postpaye,7
2024-12-25,Mobile,Data,8
2024-12-26,Internet Fixe,Rapido,7
2024-12-26,Internet Fixe,ADSL,2
2024-12-26,Internet Fixe,VDSL,7
2024-12-26,Internet Fixe,FO,7
2024-12-26,Internet Fixe,WAFI,1
2024-12-26,Internet Fixe,Box,16
2024-12-26,Mobile,Prepaye,26
2024-12-26,Mobile,Postpaye,7
2024-12-26,Mobile,Data,21
2024-12-27,Internet Fixe,Rapido,3
2024-12-27,Internet Fixe,ADSL,0
2024-12-27,Internet Fixe,VDSL,5
2024-12-27,Internet Fixe,FO,9
2024-12-27,Internet Fixe,WAFI,3
2024-12-27,Internet Fixe,Box,23
2024-12-27,Mobile,Prepaye,26
2024-12-27,Mobile,Postpaye,14
2024-12-27,Mobile,Data,20
2024-12-28,Internet Fixe,Rapido,1
2024-12-28,Internet Fixe,ADSL,3
2024-12-28,Internet Fixe,VDSL,1
2024-12-28,Internet Fixe,FO,4
2024-12-28,Internet Fixe,WAFI,0
2024-12-28,Internet Fixe,Box,7
2024-12-28,Mobile,Prepaye,13
2024-12-28,Mobile,Postpaye,6
2024-12-28,Mobile,Data,10
2024-12-29,Internet Fixe,Rapido,2
2024-12-29,Internet Fixe,ADSL,2
2024-12-29,Internet Fixe,VDSL,0
2024-12-29,Internet Fixe,FO,1
2024-12-29,Internet Fixe,WAFI,2
2024-12-29,Internet Fixe,Box,5
2024-12-29,Mobile,Prepaye,10
2024-12-29,Mobile,Postpaye,6
2024-12-29,Mobile,Data,9
2024-12-30,Internet Fixe,Rapido,2
2024-12-30,Internet Fixe,ADSL,2
2024-12-30,Internet Fixe,VDSL,2
2024-12-30,Internet Fixe,FO,10
2024-12-30,Internet Fixe,WAFI,2
2024-12-30,Internet Fixe,Box,21
2024-12-30,Mobile,Prepaye,20
2024-12-30,Mobile,Postpaye,6
2024-12-30,Mobile,Data,12
2024-12-31,Internet Fixe,Rapido,7
2024-12-31,Internet Fixe,ADSL,1
2024-12-31,Internet Fixe,VDSL,3
2024-12-31,Internet Fixe,FO,11
2024-12-31,Internet Fixe,WAFI,1
2024-12-31,Internet Fixe,Box,20
2024-12-31,Mobile,Prepaye,25
2024-12-31,Mobile,Postpaye,9
2024-12-31,Mobile,Data,16
2025-01-01,Internet Fixe,Rapido,3
2025-01-01,Internet Fixe,ADSL,2
2025-01-01,Internet Fixe,VDSL,3
2025-01-01,Internet Fixe,FO,11
2025-01-01,Internet Fixe,WAFI,3
2025-01-01,Internet Fixe,Box,27
2025-01-01,Mobile,Prepaye,28
2025-01-01,Mobile,Postpaye,14
2025-01-01,Mobile,Data,18
2025-01-02,Internet Fixe,Rapido,2
2025-01-02,Internet Fixe,ADSL,4
2025-01-02,Internet Fixe,VDSL,5
2025-01-02,Internet Fixe,FO,9
2025-01-02,Internet Fixe,WAFI,6
2025-01-02,Internet Fixe,Box,24
2025-01-02,Mobile,Prepaye,29
2025-01-02,Mobile,Postpaye,12
2025-01-02,Mobile,Data,17
2025-01-03,Internet Fixe,Rapido,7
2025-01-03,Internet Fixe,ADSL,4
2025-01-03,Internet Fixe,VDSL,4
2025-01-03,Internet Fixe,FO,10
2025-01-03,Internet Fixe,WAFI,4
2025-01-03,Internet Fixe,Box,18
2025-01-03,Mobile,Prepaye,36
2025-01-03,Mobile,Postpaye,13
2025-01-03,Mobile,Data,18
2025-01-04,Internet Fixe,Rapido,4
2025-01-04,Internet Fixe,ADSL,0
2025-01-04,Internet Fixe,VDSL,2
2025-01-04,Internet Fixe,FO,3
2025-01-04,Internet Fixe,WAFI,2
2025-01-04,Internet Fixe,Box,16
2025-01-04,Mobile,Prepaye,13
2025-01-04,Mobile,Postpaye,5
2025-01-04,Mobile,Data,5
2025-01-05,Internet Fixe,Rapido,3
2025-01-05,Internet Fixe,ADSL,1
2025-01-05,Internet Fixe,VDSL,2
2025-01-05,Internet Fixe,FO,4
2025-01-05,Internet Fixe,WAFI,1
2025-01-05,Internet Fixe,Box,11
2025-01-05,Mobile,Prepaye,12
2025-01-05,Mobile,Postpaye,5
2025-01-05,Mobile,Data,6
2025-01-06,Internet Fixe,Rapido,3
2025-01-06,Internet Fixe,ADSL,4
2025-01-06,Internet Fixe,VDSL,3
2025-01-06,Internet Fixe,FO,10
2025-01-06,Internet Fixe,WAFI,2
2025-01-06,Internet Fixe,Box,18
2025-01-06,Mobile,Prepaye,34
2025-01-06,Mobile,Postpaye,12
2025-01-06,Mobile,Data,14
2025-01-07,Internet Fixe,Rapido,3
2025-01-07,Internet Fixe,ADSL,3
2025-01-07,Internet Fixe,VDSL,5
2025-01-07,Internet Fixe,FO,6
2025-01-07,Internet Fixe,WAFI,6
2025-01-07,Internet Fixe,Box,16
2025-01-07,Mobile,Prepaye,18
2025-01-07,Mobile,Postpaye,9
2025-01-07,Mobile,Data,17
2025-01-08,Internet Fixe,Rapido,3
2025-01-08,Internet Fixe,ADSL,0
2025-01-08,Internet Fixe,VDSL,8
2025-01-08,Internet Fixe,FO,8
2025-01-08,Internet Fixe,WAFI,4
2025-01-08,Internet Fixe,Box,21
2025-01-08,Mobile,Prepaye,25
2025-01-08,Mobile,Postpaye,7
2025-01-08,Mobile,Data,13
2025-01-09,Internet Fixe,Rapido,5
2025-01-09,Internet Fixe,ADSL,2
2025-01-09,Internet Fixe,VDSL,8
2025-01-09,Internet Fixe,FO,6
2025-01-09,Internet Fixe,WAFI,3
2025-01-09,Internet Fixe,Box,17
2025-01-09,Mobile,Prepaye,20
2025-01-09,Mobile,Postpaye,6
2025-01-09,Mobile,Data,19
2025-01-10,Internet Fixe,Rapido,8
2025-01-10,Internet Fixe,ADSL,3
2025-01-10,Internet Fixe,VDSL,5
2025-01-10,Internet Fixe,FO,6
2025-01-10,Internet Fixe,WAFI,2
2025-01-10,Internet Fixe,Box,25
2025-01-10,Mobile,Prepaye,23
2025-01-10,Mobile,Postpaye,10
2025-01-10,Mobile,Data,17
2025-01-11,Internet Fixe,Rapido,4
2025-01-11,Internet Fixe,ADSL,2
2025-01-11,Internet Fixe,VDSL,1
2025-01-11,Internet Fixe,FO,3
2025-01-11,Internet Fixe,WAFI,2
2025-01-11,Internet Fixe,Box,5
2025-01-11,Mobile,Prepaye,13
2025-01-11,Mobile,Postpaye,2
2025-01-11,Mobile,Data,10
2025-01-12,Internet Fixe,Rapido,1
2025-01-12,Internet Fixe,ADSL,3
2025-01-12,Internet Fixe,VDSL,1
2025-01-12,Internet Fixe,FO,5
2025-01-12,Internet Fixe,WAFI,5
2025-01-12,Internet Fixe,Box,8
2025-01-12,Mobile,Prepaye,11
2025-01-12,Mobile,Postpaye,4
2025-01-12,Mobile,Data,6
2025-01-13,Internet Fixe,Rapido,7
2025-01-13,Internet Fixe,ADSL,2
2025-01-13,Internet Fixe,VDSL,6
2025-01-13,Internet Fixe,FO,9
2025-01-13,Internet Fixe,WAFI,3
2025-01-13,Internet Fixe,Box,20
2025-01-13,Mobile,Prepaye,36
2025-01-13,Mobile,Postpaye,14
2025-01-13,Mobile,Data,23
2025-01-14,Internet Fixe,Rapido,5
2025-01-14,Internet Fixe,ADSL,3
2025-01-14,Internet Fixe,VDSL,9
2025-01-14,Internet Fixe,FO,11
2025-01-14,Internet Fixe,WAFI,2
2025-01-14,Internet Fixe,Box,15
2025-01-14,Mobile,Prepaye,27
2025-01-14,Mobile,Postpaye,16
2025-01-14,Mobile,Data,16
2025-01-15,Internet Fixe,Rapido,3
2025-01-15,Internet Fixe,ADSL,2
2025-01-15,Internet Fixe,VDSL,4
2025-01-15,Internet Fixe,FO,10
2025-01-15,Internet Fixe,WAFI,5
2025-01-15,Internet Fixe,Box,29
2025-01-15,Mobile,Prepaye,20
2025-01-15,Mobile,Postpaye,6
2025-01-15,Mobile,Data,11
2025-01-16,Internet Fixe,Rapido,4
2025-01-16,Internet Fixe,ADSL,2
2025-01-16,Internet Fixe,VDSL,8
2025-01-16,Internet Fixe,FO,9
2025-01-16,Internet Fixe,WAFI,4
2025-01-16,Internet Fixe,Box,24
2025-01-16,Mobile,Prepaye,32
2025-01-16,Mobile,Postpaye,12
2025-01-16,Mobile,Data,18
2025-01-17,Internet Fixe,Rapido,4
2025-01-17,Internet Fixe,ADSL,6
2025-01-17,Internet Fixe,VDSL,1
2025-01-17,Internet Fixe,FO,9
2025-01-17,Internet Fixe,WAFI,1
2025-01-17,Internet Fixe,Box,23
2025-01-17,Mobile,Prepaye,34
2025-01-17,Mobile,Postpaye,6
2025-01-17,Mobile,Data,11
2025-01-18,Internet Fixe,Rapido,1
2025-01-18,Internet Fixe,ADSL,1
2025-01-18,Internet Fixe,VDSL,1
2025-01-18,Internet Fixe,FO,1
2025-01-18,Internet Fixe,WAFI,2
2025-01-18,Internet Fixe,Box,7
2025-01-18,Mobile,Prepaye,13
2025-01-18,Mobile,Postpaye,3
2025-01-18,Mobile,Data,8
2025-01-19,Internet Fixe,Rapido,0
2025-01-19,Internet Fixe,ADSL,1
2025-01-19,Internet Fixe,VDSL,4
2025-01-19,Internet Fixe,FO,5
2025-01-19,Internet Fixe,WAFI,1
2025-01-19,Internet Fixe,Box,3
2025-01-19,Mobile,Prepaye,17
2025-01-19,Mobile,Postpaye,7
2025-01-19,Mobile,Data,9
2025-01-20,Internet Fixe,Rapido,5
2025-01-20,Internet Fixe,ADSL,1
2025-01-20,Internet Fixe,VDSL,5
2025-01-20,Internet Fixe,FO,8
2025-01-20,Internet Fixe,WAFI,3
2025-01-20,Internet Fixe,Box,15
2025-01-20,Mobile,Prepaye,39
2025-01-20,Mobile,Postpaye,15
2025-01-20,Mobile,Data,10
2025-01-21,Internet Fixe,Rapido,2
2025-01-21,Internet Fixe,ADSL,4
2025-01-21,Internet Fixe,VDSL,6
2025-01-21,Internet Fixe,FO,16
2025-01-21,Internet Fixe,WAFI,5
2025-01-21,Internet Fixe,Box,16
2025-01-21,Mobile,Prepaye,31
2025-01-21,Mobile,Postpaye,10
2025-01-21,Mobile,Data,20
2025-01-22,Internet Fixe,Rapido,4
2025-01-22,Internet Fixe,ADSL,2
2025-01-22,Internet Fixe,VDSL,5
2025-01-22,Internet Fixe,FO,6
2025-01-22,Internet Fixe,WAFI,2
2025-01-22,Internet Fixe,Box,19
2025-01-22,Mobile,Prepaye,30
2025-01-22,Mobile,Postpaye,8
2025-01-22,Mobile,Data,14
2025-01-23,Internet Fixe,Rapido,7
2025-01-23,Internet Fixe,ADSL,1
2025-01-23,Internet Fixe,VDSL,8
2025-01-23,Internet Fixe,FO,7
2025-01-23,Internet Fixe,WAFI,2
2025-01-23,Internet Fixe,Box,18
2025-01-23,Mobile,Prepaye,30
2025-01-23,Mobile,Postpaye,12
2025-01-23,Mobile,Data,21
2025-01-24,Internet Fixe,Rapido,5
2025-01-24,Internet Fixe,ADSL,1
2025-01-24,Internet Fixe,VDSL,8
2025-01-24,Internet Fixe,FO,11
2025-01-24,Internet Fixe,WAFI,7
2025-01-24,Internet Fixe,Box,20
2025-01-24,Mobile,Prepaye,27
2025-01-24,Mobile,Postpaye,6
2025-01-24,Mobile,Data,18
2025-01-25,Internet Fixe,Rapido,0
2025-01-25,Internet Fixe,ADSL,1
2025-01-25,Internet Fixe,VDSL,4
2025-01-25,Internet Fixe,FO,4
2025-01-25,Internet Fixe,WAFI,3
2025-01-25,Internet Fixe,Box,8
2025-01-25,Mobile,Prepaye,13
2025-01-25,Mobile,Postpaye,7
2025-01-25,Mobile,Data,4
2025-01-26,Internet Fixe,Rapido,1
2025-01-26,Internet Fixe,ADSL,2
2025-01-26,Internet Fixe,VDSL,3
2025-01-26,Internet Fixe,FO,4
2025-01-26,Internet Fixe,WAFI,0
2025-01-26,Internet Fixe,Box,10
2025-01-26,Mobile,Prepaye,10
2025-01-26,Mobile,Postpaye,5
2025-01-26,Mobile,Data,11
2025-01-27,Internet Fixe,Rapido,2
2025-01-27,Internet Fixe,ADSL,3
2025-01-27,Internet Fixe,VDSL,6
2025-01-27,Internet Fixe,FO,7
2025-01-27,Internet Fixe,WAFI,3
2025-01-27,Internet Fixe,Box,22
2025-01-27,Mobile,Prepaye,26
2025-01-27,Mobile,Postpaye,11
2025-01-27,Mobile,Data,14
2025-01-28,Internet Fixe,Rapido,1
2025-01-28,Internet Fixe,ADSL,3
2025-01-28,Internet Fixe,VDSL,6
2025-01-28,Internet Fixe,FO,10
2025-01-28,Internet Fixe,WAFI,5
2025-01-28,Internet Fixe,Box,18
2025-01-28,Mobile,Prepaye,35
2025-01-28,Mobile,Postpaye,9
2025-01-28,Mobile,Data,16
2025-01-29,Internet Fixe,Rapido,7
2025-01-29,Internet Fixe,ADSL,6
2025-01-29,Internet Fixe,VDSL,6
2025-01-29,Internet Fixe,FO,5
2025-01-29,Internet Fixe,WAFI,4
2025-01-29,Internet Fixe,Box,12
2025-01-29,Mobile,Prepaye,20
2025-01-29,Mobile,Postpaye,8
2025-01-29,Mobile,Data,18
2025-01-30,Internet Fixe,Rapido,3
2025-01-30,Internet Fixe,ADSL,2
2025-01-30,Internet Fixe,VDSL,4
2025-01-30,Internet Fixe,FO,9
2025-01-30,Internet Fixe,WAFI,6
2025-01-30,Internet Fixe,Box,29
2025-01-30,Mobile,Prepaye,27
2025-01-30,Mobile,Postpaye,15
2025-01-30,Mobile,Data,25
2025-01-31,Internet Fixe,Rapido,5
2025-01-31,Internet Fixe,ADSL,1
2025-01-31,Internet Fixe,VDSL,6
2025-01-31,Internet Fixe,FO,8
2025-01-31,Internet Fixe,WAFI,2
2025-01-31,Internet Fixe,Box,16
2025-01-31,Mobile,Prepaye,26
2025-01-31,Mobile,Postpaye,11
2025-01-31,Mobile,Data,13
2025-02-01,Internet Fixe,Rapido,3
2025-02-01,Internet Fixe,ADSL,1
2025-02-01,Internet Fixe,VDSL,1
2025-02-01,Internet Fixe,FO,5
2025-02-01,Internet Fixe,WAFI,1
2025-02-01,Internet Fixe,Box,10
2025-02-01,Mobile,Prepaye,9
2025-02-01,Mobile,Postpaye,4
2025-02-01,Mobile,Data,8
2025-02-02,Internet Fixe,Rapido,3
2025-02-02,Internet Fixe,ADSL,2
2025-02-02,Internet Fixe,VDSL,1
2025-02-02,Internet Fixe,FO,3
2025-02-02,Internet Fixe,WAFI,3
2025-02-02,Internet Fixe,Box,14
2025-02-02,Mobile,Prepaye,14
2025-02-02,Mobile,Postpaye,5
2025-02-02,Mobile,Data,7
2025-02-03,Internet Fixe,Rapido,2
2025-02-03,Internet Fixe,ADSL,1
2025-02-03,Internet Fixe,VDSL,5
2025-02-03,Internet Fixe,FO,11
2025-02-03,Internet Fixe,WAFI,3
2025-02-03,Internet Fixe,Box,19
2025-02-03,Mobile,Prepaye,34
2025-02-03,Mobile,Postpaye,12
2025-02-03,Mobile,Data,15
2025-02-04,Internet Fixe,Rapido,4
2025-02-04,Internet Fixe,ADSL,3
2025-02-04,Internet Fixe,VDSL,13
2025-02-04,Internet Fixe,FO,13
2025-02-04,Internet Fixe,WAFI,1
2025-02-04,Internet Fixe,Box,26
2025-02-04,Mobile,Prepaye,28
2025-02-04,Mobile,Postpaye,17
2025-02-04,Mobile,Data,11
2025-02-05,Internet Fixe,Rapido,2
2025-02-05,Internet Fixe,ADSL,1
2025-02-05,Internet Fixe,VDSL,5
2025-02-05,Internet Fixe,FO,13
2025-02-05,Internet Fixe,WAFI,3
2025-02-05,Internet Fixe,Box,20
2025-02-05,Mobile,Prepaye,39
2025-02-05,Mobile,Postpaye,8
2025-02-05,Mobile,Data,8
2025-02-06,Internet Fixe,Rapido,5
2025-02-06,Internet Fixe,ADSL,1
2025-02-06,Internet Fixe,VDSL,8
2025-02-06,Internet Fixe,FO,13
2025-02-06,Internet Fixe,WAFI,7
2025-02-06,Internet Fixe,Box,25
2025-02-06,Mobile,Prepaye,30
2025-02-06,Mobile,Postpaye,7
2025-02-06,Mobile,Data,11
2025-02-07,Internet Fixe,Rapido,2
2025-02-07,Internet Fixe,ADSL,4
2025-02-07,Internet Fixe,VDSL,7
2025-02-07,Internet Fixe,FO,9
2025-02-07,Internet Fixe,WAFI,7
2025-02-07,Internet Fixe,Box,13
2025-02-07,Mobile,Prepaye,35
2025-02-07,Mobile,Postpaye,10
2025-02-07,Mobile,Data,21
2025-02-08,Internet Fixe,Rapido,6
2025-02-08,Internet Fixe,ADSL,3
2025-02-08,Internet Fixe,VDSL,6
2025-02-08,Internet Fixe,FO,3
2025-02-08,Internet Fixe,WAFI,1
2025-02-08,Internet Fixe,Box,11
2025-02-08,Mobile,Prepaye,8
2025-02-08,Mobile,Postpaye,4
2025-02-08,Mobile,Data,8
2025-02-09,Internet Fixe,Rapido,1
2025-02-09,Internet Fixe,ADSL,0
2025-02-09,Internet Fixe,VDSL,1
2025-02-09,Internet Fixe,FO,5
2025-02-09,Internet Fixe,WAFI,2
2025-02-09,Internet Fixe,Box,11
2025-02-09,Mobile,Prepaye,15
2025-02-09,Mobile,Postpaye,5
2025-02-09,Mobile,Data,3
2025-02-10,Internet Fixe,Rapido,6
2025-02-10,Internet Fixe,ADSL,3
2025-02-10,Internet Fixe,VDSL,3
2025-02-10,Internet Fixe,FO,7
2025-02-10,Internet Fixe,WAFI,7
2025-02-10,Internet Fixe,Box,22
2025-02-10,Mobile,Prepaye,28
2025-02-10,Mobile,Postpaye,16
2025-02-10,Mobile,Data,15
2025-02-11,Internet Fixe,Rapido,3
2025-02-11,Internet Fixe,ADSL,2
2025-02-11,Internet Fixe,VDSL,7
2025-02-11,Internet Fixe,FO,10
2025-02-11,Internet Fixe,WAFI,1
2025-02-11,Internet Fixe,Box,23
2025-02-11,Mobile,Prepaye,24
2025-02-11,Mobile,Postpaye,11
2025-02-11,Mobile,Data,17
2025-02-12,Internet Fixe,Rapido,8
2025-02-12,Internet Fixe,ADSL,1
2025-02-12,Internet Fixe,VDSL,5
2025-02-12,Internet Fixe,FO,12
2025-02-12,Internet Fixe,WAFI,6
2025-02-12,Internet Fixe,Box,24
2025-02-12,Mobile,Prepaye,33
2025-02-12,Mobile,Postpaye,10
2025-02-12,Mobile,Data,20
2025-02-13,Internet Fixe,Rapido,5
2025-02-13,Internet Fixe,ADSL,3
2025-02-13,Internet Fixe,VDSL,3
2025-02-13,Internet Fixe,FO,9
2025-02-13,Internet Fixe,WAFI,2
2025-02-13,Internet Fixe,Box,24
2025-02-13,Mobile,Prepaye,26
2025-02-13,Mobile,Postpaye,11
2025-02-13,Mobile,Data,21
2025-02-14,Internet Fixe,Rapido,5
2025-02-14,Internet Fixe,ADSL,4
2025-02-14,Internet Fixe,VDSL,9
2025-02-14,Internet Fixe,FO,15
2025-02-14,Internet Fixe,WAFI,3
2025-02-14,Internet Fixe,Box,25
2025-02-14,Mobile,Prepaye,24
2025-02-14,Mobile,Postpaye,12
2025-02-14,Mobile,Data,22
2025-02-15,Internet Fixe,Rapido,1
2025-02-15,Internet Fixe,ADSL,1
2025-02-15,Internet Fixe,VDSL,0
2025-02-15,Internet Fixe,FO,6
2025-02-15,Internet Fixe,WAFI,2
2025-02-15,Internet Fixe,Box,9
2025-02-15,Mobile,Prepaye,16
2025-02-15,Mobile,Postpaye,13
2025-02-15,Mobile,Data,3
2025-02-16,Internet Fixe,Rapido,3
2025-02-16,Internet Fixe,ADSL,0
2025-02-16,Internet Fixe,VDSL,5
2025-02-16,Internet Fixe,FO,6
2025-02-16,Internet Fixe,WAFI,1
2025-02-16,Internet Fixe,Box,10
2025-02-16,Mobile,Prepaye,19
2025-02-16,Mobile,Postpaye,5
2025-02-16,Mobile,Data,8
2025-02-17,Internet Fixe,Rapido,3
2025-02-17,Internet Fixe,ADSL,3
2025-02-17,Internet Fixe,VDSL,6
2025-02-17,Internet Fixe,FO,8
2025-02-17,Internet Fixe,WAFI,3
2025-02-17,Internet Fixe,Box,21
2025-02-17,Mobile,Prepaye,30
2025-02-17,Mobile,Postpaye,12
2025-02-17,Mobile,Data,16
2025-02-18,Internet Fixe,Rapido,4
2025-02-18,Internet Fixe,ADSL,1
2025-02-18,Internet Fixe,VDSL,8
2025-02-18,Internet Fixe,FO,12
2025-02-18,Internet Fixe,WAFI,6
2025-02-18,Internet Fixe,Box,28
2025-02-18,Mobile,Prepaye,33
2025-02-18,Mobile,Postpaye,8
2025-02-18,Mobile,Data,21
2025-02-19,Internet Fixe,Rapido,8
2025-02-19,Internet Fixe,ADSL,4
2025-02-19,Internet Fixe,VDSL,7
2025-02-19,Internet Fixe,FO,8
2025-02-19,Internet Fixe,WAFI,4
2025-02-19,Internet Fixe,Box,32
2025-02-19,Mobile,Prepaye,25
2025-02-19,Mobile,Postpaye,13
2025-02-19,Mobile,Data,17
2025-02-20,Internet Fixe,Rapido,4
2025-02-20,Internet Fixe,ADSL,3
2025-02-20,Internet Fixe,VDSL,4
2025-02-20,Internet Fixe,FO,5
2025-02-20,Internet Fixe,WAFI,5
2025-02-20,Internet Fixe,Box,23
2025-02-20,Mobile,Prepaye,28
2025-02-20,Mobile,Postpaye,22
2025-02-20,Mobile,Data,12
2025-02-21,Internet Fixe,Rapido,3
2025-02-21,Internet Fixe,ADSL,2
2025-02-21,Internet Fixe,VDSL,4
2025-02-21,Internet Fixe,FO,13
2025-02-21,Internet Fixe,WAFI,2
2025-02-21,Internet Fixe,Box,18
2025-02-21,Mobile,Prepaye,27
2025-02-21,Mobile,Postpaye,13
2025-02-21,Mobile,Data,13
2025-02-22,Internet Fixe,Rapido,4
2025-02-22,Internet Fixe,ADSL,1
2025-02-22,Internet Fixe,VDSL,2
2025-02-22,Internet Fixe,FO,6
2025-02-22,Internet Fixe,WAFI,3
2025-02-22,Internet Fixe,Box,6
2025-02-22,Mobile,Prepaye,15
2025-02-22,Mobile,Postpaye,5
2025-02-22,Mobile,Data,9
2025-02-23,Internet Fixe,Rapido,2
2025-02-23,Internet Fixe,ADSL,1
2025-02-23,Internet Fixe,VDSL,2
2025-02-23,Internet Fixe,FO,5
2025-02-23,Internet Fixe,WAFI,0
2025-02-23,Internet Fixe,Box,9
2025-02-23,Mobile,Prepaye,15
2025-02-23,Mobile,Postpaye,9
2025-02-23,Mobile,Data,8
2025-02-24,Internet Fixe,Rapido,6
2025-02-24,Internet Fixe,ADSL,3
2025-02-24,Internet Fixe,VDSL,5
2025-02-24,Internet Fixe,FO,11
2025-02-24,Internet Fixe,WAFI,2
2025-02-24,Internet Fixe,Box,25
2025-02-24,Mobile,Prepaye,36
2025-02-24,Mobile,Postpaye,20
2025-02-24,Mobile,Data,17
2025-02-25,Internet Fixe,Rapido,4
2025-02-25,Internet Fixe,ADSL,1
2025-02-25,Internet Fixe,VDSL,10
2025-02-25,Internet Fixe,FO,5
2025-02-25,Internet Fixe,WAFI,4
2025-02-25,Internet Fixe,Box,14
2025-02-25,Mobile,Prepaye,28
2025-02-25,Mobile,Postpaye,14
2025-02-25,Mobile,Data,17
2025-02-26,Internet Fixe,Rapido,4
2025-02-26,Internet Fixe,ADSL,3
2025-02-26,Internet Fixe,VDSL,3
2025-02-26,Internet Fixe,FO,8
2025-02-26,Internet Fixe,WAFI,3
2025-02-26,Internet Fixe,Box,29
2025-02-26,Mobile,Prepaye,32
2025-02-26,Mobile,Postpaye,11
2025-02-26,Mobile,Data,19
2025-02-27,Internet Fixe,Rapido,2
2025-02-27,Internet Fixe,ADSL,3
2025-02-27,Internet Fixe,VDSL,3
2025-02-27,Internet Fixe,FO,17
2025-02-27,Internet Fixe,WAFI,3
2025-02-27,Internet Fixe,Box,23
2025-02-27,Mobile,Prepaye,31
2025-02-27,Mobile,Postpaye,8
2025-02-27,Mobile,Data,15
2025-02-28,Internet Fixe,Rapido,5
2025-02-28,Internet Fixe,ADSL,2
2025-02-28,Internet Fixe,VDSL,2
2025-02-28,Internet Fixe,FO,4
2025-02-28,Internet Fixe,WAFI,3
2025-02-28,Internet Fixe,Box,23
2025-02-28,Mobile,Prepaye,33
2025-02-28,Mobile,Postpaye,20
2025-02-28,Mobile,Data,13
2025-03-01,Internet Fixe,Rapido,1
2025-03-01,Internet Fixe,ADSL,1
2025-03-01,Internet Fixe,VDSL,3
2025-03-01,Internet Fixe,FO,12
2025-03-01,Internet Fixe,WAFI,0
2025-03-01,Internet Fixe,Box,13
2025-03-01,Mobile,Prepaye,15
2025-03-01,Mobile,Postpaye,4
2025-03-01,Mobile,Data,9
2025-03-02,Internet Fixe,Rapido,5
2025-03-02,Internet Fixe,ADSL,0
2025-03-02,Internet Fixe,VDSL,2
2025-03-02,Internet Fixe,FO,4
2025-03-02,Internet Fixe,WAFI,1
2025-03-02,Internet Fixe,Box,10
2025-03-02,Mobile,Prepaye,15
2025-03-02,Mobile,Postpaye,3
2025-03-02,Mobile,Data,7
2025-03-03,Internet Fixe,Rapido,7
2025-03-03,Internet Fixe,ADSL,1
2025-03-03,Internet Fixe,VDSL,7
2025-03-03,Internet Fixe,FO,14
2025-03-03,Internet Fixe,WAFI,4
2025-03-03,Internet Fixe,Box,21
2025-03-03,Mobile,Prepaye,29
2025-03-03,Mobile,Postpaye,14
2025-03-03,Mobile,Data,20
2025-03-04,Internet Fixe,Rapido,5
2025-03-04,Internet Fixe,ADSL,2
2025-03-04,Internet Fixe,VDSL,8
2025-03-04,Internet Fixe,FO,13
2025-03-04,Internet Fixe,WAFI,3
2025-03-04,Internet Fixe,Box,24
2025-03-04,Mobile,Prepaye,35
2025-03-04,Mobile,Postpaye,10
2025-03-04,Mobile,Data,14
2025-03-05,Internet Fixe,Rapido,4
2025-03-05,Internet Fixe,ADSL,3
2025-03-05,Internet Fixe,VDSL,10
2025-03-05,Internet Fixe,FO,8
2025-03-05,Internet Fixe,WAFI,6
2025-03-05,Internet Fixe,Box,20
2025-03-05,Mobile,Prepaye,35
2025-03-05,Mobile,Postpaye,13
2025-03-05,Mobile,Data,17
2025-03-06,Internet Fixe,Rapido,3
2025-03-06,Internet Fixe,ADSL,2
2025-03-06,Internet Fixe,VDSL,7
2025-03-06,Internet Fixe,FO,10
2025-03-06,Internet Fixe,WAFI,5
2025-03-06,Internet Fixe,Box,24
2025-03-06,Mobile,Prepaye,31
2025-03-06,Mobile,Postpaye,11
2025-03-06,Mobile,Data,10
2025-03-07,Internet Fixe,Rapido,4
2025-03-07,Internet Fixe,ADSL,2
2025-03-07,Internet Fixe,VDSL,5
2025-03-07,Internet Fixe,FO,6
2025-03-07,Internet Fixe,WAFI,4
2025-03-07,Internet Fixe,Box,20
2025-03-07,Mobile,Prepaye,30
2025-03-07,Mobile,Postpaye,19
2025-03-07,Mobile,Data,27
2025-03-08,Internet Fixe,Rapido,0
2025-03-08,Internet Fixe,ADSL,0
2025-03-08,Internet Fixe,VDSL,9
2025-03-08,Internet Fixe,FO,5
2025-03-08,Internet Fixe,WAFI,6
2025-03-08,Internet Fixe,Box,7
2025-03-08,Mobile,Prepaye,13
2025-03-08,Mobile,Postpaye,3
2025-03-08,Mobile,Data,7
2025-03-09,Internet Fixe,Rapido,1
2025-03-09,Internet Fixe,ADSL,1
2025-03-09,Internet Fixe,VDSL,2
2025-03-09,Internet Fixe,FO,6
2025-03-09,Internet Fixe,WAFI,2
2025-03-09,Internet Fixe,Box,12
2025-03-09,Mobile,Prepaye,22
2025-03-09,Mobile,Postpaye,7
2025-03-09,Mobile,Data,1
2025-03-10,Internet Fixe,Rapido,10
2025-03-10,Internet Fixe,ADSL,0
2025-03-10,Internet Fixe,VDSL,12
2025-03-10,Internet Fixe,FO,11
2025-03-10,Internet Fixe,WAFI,2
2025-03-10,Internet Fixe,Box,26
2025-03-10,Mobile,Prepaye,28
2025-03-10,Mobile,Postpaye,12
2025-03-10,Mobile,Data,22
2025-03-11,Internet Fixe,Rapido,6
2025-03-11,Internet Fixe,ADSL,3
2025-03-11,Internet Fixe,VDSL,9
2025-03-11,Internet Fixe,FO,13
2025-03-11,Internet Fixe,WAFI,2
2025-03-11,Internet Fixe,Box,25
2025-03-11,Mobile,Prepaye,43
2025-03-11,Mobile,Postpaye,8
2025-03-11,Mobile,Data,17
2025-03-12,Internet Fixe,Rapido,7
2025-03-12,Internet Fixe,ADSL,2
2025-03-12,Internet Fixe,VDSL,7
2025-03-12,Internet Fixe,FO,7
2025-03-12,Internet Fixe,WAFI,2
2025-03-12,Internet Fixe,Box,20
2025-03-12,Mobile,Prepaye,36
2025-03-12,Mobile,Postpaye,20
2025-03-12,Mobile,Data,19
2025-03-13,Internet Fixe,Rapido,6
2025-03-13,Internet Fixe,ADSL,6
2025-03-13,Internet Fixe,VDSL,6
2025-03-13,Internet Fixe,FO,14
2025-03-13,Internet Fixe,WAFI,4
2025-03-13,Internet Fixe,Box,26
2025-03-13,Mobile,Prepaye,33
2025-03-13,Mobile,Postpaye,14
2025-03-13,Mobile,Data,18
2025-03-14,Internet Fixe,Rapido,5
2025-03-14,Internet Fixe,ADSL,1
2025-03-14,Internet Fixe,VDSL,5
2025-03-14,Internet Fixe,FO,13
2025-03-14,Internet Fixe,WAFI,5
2025-03-14,Internet Fixe,Box,31
2025-03-14,Mobile,Prepaye,29
2025-03-14,Mobile,Postpaye,15
2025-03-14,Mobile,Data,16
2025-03-15,Internet Fixe,Rapido,1
2025-03-15,Internet Fixe,ADSL,0
2025-03-15,Internet Fixe,VDSL,3
2025-03-15,Internet Fixe,FO,2
2025-03-15,Internet Fixe,WAFI,2
2025-03-15,Internet Fixe,Box,9
2025-03-15,Mobile,Prepaye,11
2025-03-15,Mobile,Postpaye,8
2025-03-15,Mobile,Data,8
2025-03-16,Internet Fixe,Rapido,4
2025-03-16,Internet Fixe,ADSL,1
2025-03-16,Internet Fixe,VDSL,5
2025-03-16,Internet Fixe,FO,6
2025-03-16,Internet Fixe,WAFI,2
2025-03-16,Internet Fixe,Box,6
2025-03-16,Mobile,Prepaye,13
2025-03-16,Mobile,Postpaye,2
2025-03-16,Mobile,Data,10
2025-03-17,Internet Fixe,Rapido,10
2025-03-17,Internet Fixe,ADSL,4
2025-03-17,Internet Fixe,VDSL,14
2025-03-17,Internet Fixe,FO,9
2025-03-17,Internet Fixe,WAFI,3
2025-03-17,Internet Fixe,Box,19
2025-03-17,Mobile,Prepaye,29
2025-03-17,Mobile,Postpaye,7
2025-03-17,Mobile,Data,19
2025-03-18,Internet Fixe,Rapido,8
2025-03-18,Internet Fixe,ADSL,1
2025-03-18,Internet Fixe,VDSL,4
2025-03-18,Internet Fixe,FO,9
2025-03-18,Internet Fixe,WAFI,8
2025-03-18,Internet Fixe,Box,24
2025-03-18,Mobile,Prepaye,28
2025-03-18,Mobile,Postpaye,12
2025-03-18,Mobile,Data,19
2025-03-19,Internet Fixe,Rapido,7
2025-03-19,Internet Fixe,ADSL,1
2025-03-19,Internet Fixe,VDSL,6
2025-03-19,Internet Fixe,FO,7
2025-03-19,Internet Fixe,WAFI,4
2025-03-19,Internet Fixe,Box,30
2025-03-19,Mobile,Prepaye,37
2025-03-19,Mobile,Postpaye,9
2025-03-19,Mobile,Data,26
2025-03-20,Internet Fixe,Rapido,8
2025-03-20,Internet Fixe,ADSL,6
2025-03-20,Internet Fixe,VDSL,8
2025-03-20,Internet Fixe,FO,6
2025-03-20,Internet Fixe,WAFI,5
2025-03-20,Internet Fixe,Box,22
2025-03-20,Mobile,Prepaye,35
2025-03-20,Mobile,Postpaye,12
2025-03-20,Mobile,Data,23
2025-03-21,Internet Fixe,Rapido,4
2025-03-21,Internet Fixe,ADSL,1
2025-03-21,Internet Fixe,VDSL,8
2025-03-21,Internet Fixe,FO,11
2025-03-21,Internet Fixe,WAFI,0
2025-03-21,Internet Fixe,Box,18
2025-03-21,Mobile,Prepaye,49
2025-03-21,Mobile,Postpaye,13
2025-03-21,Mobile,Data,20
2025-03-22,Internet Fixe,Rapido,1
2025-03-22,Internet Fixe,ADSL,1
2025-03-22,Internet Fixe,VDSL,5
2025-03-22,Internet Fixe,FO,2
2025-03-22,Internet Fixe,WAFI,2
2025-03-22,Internet Fixe,Box,20
2025-03-22,Mobile,Prepaye,18
2025-03-22,Mobile,Postpaye,5
2025-03-22,Mobile,Data,8
2025-03-23,Internet Fixe,Rapido,4
2025-03-23,Internet Fixe,ADSL,2
2025-03-23,Internet Fixe,VDSL,1
2025-03-23,Internet Fixe,FO,5
2025-03-23,Internet Fixe,WAFI,1
2025-03-23,Internet Fixe,Box,10
2025-03-23,Mobile,Prepaye,9
2025-03-23,Mobile,Postpaye,3
2025-03-23,Mobile,Data,5
2025-03-24,Internet Fixe,Rapido,6
2025-03-24,Internet Fixe,ADSL,2
2025-03-24,Internet Fixe,VDSL,6
2025-03-24,Internet Fixe,FO,5
2025-03-24,Internet Fixe,WAFI,7
2025-03-24,Internet Fixe,Box,23
2025-03-24,Mobile,Prepaye,32
2025-03-24,Mobile,Postpaye,9
2025-03-24,Mobile,Data,21
2025-03-25,Internet Fixe,Rapido,5
2025-03-25,Internet Fixe,ADSL,3
2025-03-25,Internet Fixe,VDSL,10
2025-03-25,Internet Fixe,FO,12
2025-03-25,Internet Fixe,WAFI,3
2025-03-25,Internet Fixe,Box,20
2025-03-25,Mobile,Prepaye,36
2025-03-25,Mobile,Postpaye,10
2025-03-25,Mobile,Data,17
2025-03-26,Internet Fixe,Rapido,3
2025-03-26,Internet Fixe,ADSL,4
2025-03-26,Internet Fixe,VDSL,7
2025-03-26,Internet Fixe,FO,7
2025-03-26,Internet Fixe,WAFI,5
2025-03-26,Internet Fixe,Box,20
2025-03-26,Mobile,Prepaye,34
2025-03-26,Mobile,Postpaye,11
2025-03-26,Mobile,Data,24
2025-03-27,Internet Fixe,Rapido,6
2025-03-27,Internet Fixe,ADSL,1
2025-03-27,Internet Fixe,VDSL,9
2025-03-27,Internet Fixe,FO,13
2025-03-27,Internet Fixe,WAFI,5
2025-03-27,Internet Fixe,Box,21
2025-03-27,Mobile,Prepaye,38
2025-03-27,Mobile,Postpaye,12
2025-03-27,Mobile,Data,15
2025-03-28,Internet Fixe,Rapido,3
2025-03-28,Internet Fixe,ADSL,2
2025-03-28,Internet Fixe,VDSL,5
2025-03-28,Internet Fixe,FO,19
2025-03-28,Internet Fixe,WAFI,1
2025-03-28,Internet Fixe,Box,26
2025-03-28,Mobile,Prepaye,25
2025-03-28,Mobile,Postpaye,11
2025-03-28,Mobile,Data,20
2025-03-29,Internet Fixe,Rapido,4
2025-03-29,Internet Fixe,ADSL,0
2025-03-29,Internet Fixe,VDSL,4
2025-03-29,Internet Fixe,FO,5
2025-03-29,Internet Fixe,WAFI,0
2025-03-29,Internet Fixe,Box,7
2025-03-29,Mobile,Prepaye,13
2025-03-29,Mobile,Postpaye,5
2025-03-29,Mobile,Data,5
2025-03-30,Internet Fixe,Rapido,1
2025-03-30,Internet Fixe,ADSL,1
2025-03-30,Internet Fixe,VDSL,4
2025-03-30,Internet Fixe,FO,7
2025-03-30,Internet Fixe,WAFI,2
2025-03-30,Internet Fixe,Box,6
2025-03-30,Mobile,Prepaye,19
2025-03-30,Mobile,Postpaye,4
2025-03-30,Mobile,Data,14
2025-03-31,Internet Fixe,Rapido,4
2025-03-31,Internet Fixe,ADSL,4
2025-03-31,Internet Fixe,VDSL,9
2025-03-31,Internet Fixe,FO,15
2025-03-31,Internet Fixe,WAFI,4
2025-03-31,Internet Fixe,Box,32
2025-03-31,Mobile,Prepaye,36
2025-03-31,Mobile,Postpaye,14
2025-03-31,Mobile,Data,22
2025-04-01,Internet Fixe,Rapido,6
2025-04-01,Internet Fixe,ADSL,3
2025-04-01,Internet Fixe,VDSL,9
2025-04-01,Internet Fixe,FO,11
2025-04-01,Internet Fixe,WAFI,3
2025-04-01,Internet Fixe,Box,16
2025-04-01,Mobile,Prepaye,30
2025-04-01,Mobile,Postpaye,11
2025-04-01,Mobile,Data,21
2025-04-02,Internet Fixe,Rapido,8
2025-04-02,Internet Fixe,ADSL,3
2025-04-02,Internet Fixe,VDSL,10
2025-04-02,Internet Fixe,FO,12
2025-04-02,Internet Fixe,WAFI,6
2025-04-02,Internet Fixe,Box,27
2025-04-02,Mobile,Prepaye,33
2025-04-02,Mobile,Postpaye,11
2025-04-02,Mobile,Data,22
2025-04-03,Internet Fixe,Rapido,4
2025-04-03,Internet Fixe,ADSL,1
2025-04-03,Internet Fixe,VDSL,4
2025-04-03,Internet Fixe,FO,5
2025-04-03,Internet Fixe,WAFI,2
2025-04-03,Internet Fixe,Box,33
2025-04-03,Mobile,Prepaye,27
2025-04-03,Mobile,Postpaye,13
2025-04-03,Mobile,Data,20
2025-04-04,Internet Fixe,Rapido,4
2025-04-04,Internet Fixe,ADSL,3
2025-04-04,Internet Fixe,VDSL,4
2025-04-04,Internet Fixe,FO,10
2025-04-04,Internet Fixe,WAFI,4
2025-04-04,Internet Fixe,Box,29
2025-04-04,Mobile,Prepaye,23
2025-04-04,Mobile,Postpaye,11
2025-04-04,Mobile,Data,17
2025-04-05,Internet Fixe,Rapido,2
2025-04-05,Internet Fixe,ADSL,3
2025-04-05,Internet Fixe,VDSL,3
2025-04-05,Internet Fixe,FO,4
2025-04-05,Internet Fixe,WAFI,2
2025-04-05,Internet Fixe,Box,9
2025-04-05,Mobile,Prepaye,16
2025-04-05,Mobile,Postpaye,6
2025-04-05,Mobile,Data,8
2025-04-06,Internet Fixe,Rapido,0
2025-04-06,Internet Fixe,ADSL,2
2025-04-06,Internet Fixe,VDSL,3
2025-04-06,Internet Fixe,FO,6
2025-04-06,Internet Fixe,WAFI,3
2025-04-06,Internet Fixe,Box,10
2025-04-06,Mobile,Prepaye,12
2025-04-06,Mobile,Postpaye,5
2025-04-06,Mobile,Data,9
2025-04-07,Internet Fixe,Rapido,6
2025-04-07,Internet Fixe,ADSL,3
2025-04-07,Internet Fixe,VDSL,5
2025-04-07,Internet Fixe,FO,10
2025-04-07,Internet Fixe,WAFI,2
2025-04-07,Internet Fixe,Box,22
2025-04-07,Mobile,Prepaye,36
2025-04-07,Mobile,Postpaye,11
2025-04-07,Mobile,Data,15
2025-04-08,Internet Fixe,Rapido,2
2025-04-08,Internet Fixe,ADSL,2
2025-04-08,Internet Fixe,VDSL,9
2025-04-08,Internet Fixe,FO,8
2025-04-08,Internet Fixe,WAFI,4
2025-04-08,Internet Fixe,Box,21
2025-04-08,Mobile,Prepaye,37
2025-04-08,Mobile,Postpaye,13
2025-04-08,Mobile,Data,14
2025-04-09,Internet Fixe,Rapido,3
2025-04-09,Internet Fixe,ADSL,1
2025-04-09,Internet Fixe,VDSL,5
2025-04-09,Internet Fixe,FO,13
2025-04-09,Internet Fixe,WAFI,5
2025-04-09,Internet Fixe,Box,26
2025-04-09,Mobile,Prepaye,29
2025-04-09,Mobile,Postpaye,18
2025-04-09,Mobile,Data,14
2025-04-10,Internet Fixe,Rapido,8
2025-04-10,Internet Fixe,ADSL,1
2025-04-10,Internet Fixe,VDSL,6
2025-04-10,Internet Fixe,FO,9
2025-04-10,Internet Fixe,WAFI,5
2025-04-10,Internet Fixe,Box,26
2025-04-10,Mobile,Prepaye,39
2025-04-10,Mobile,Postpaye,10
2025-04-10,Mobile,Data,22
2025-04-11,Internet Fixe,Rapido,6
2025-04-11,Internet Fixe,ADSL,1
2025-04-11,Internet Fixe,VDSL,3
2025-04-11,Internet Fixe,FO,11
2025-04-11,Internet Fixe,WAFI,2
2025-04-11,Internet Fixe,Box,22
2025-04-11,Mobile,Prepaye,31
2025-04-11,Mobile,Postpaye,12
2025-04-11,Mobile,Data,20
2025-04-12,Internet Fixe,Rapido,2
2025-04-12,Internet Fixe,ADSL,2
2025-04-12,Internet Fixe,VDSL,7
2025-04-12,Internet Fixe,FO,4
2025-04-12,Internet Fixe,WAFI,1
2025-04-12,Internet Fixe,Box,11
2025-04-12,Mobile,Prepaye,10
2025-04-12,Mobile,Postpaye,4
2025-04-12,Mobile,Data,12
2025-04-13,Internet Fixe,Rapido,1
2025-04-13,Internet Fixe,ADSL,1
2025-04-13,Internet Fixe,VDSL,2
2025-04-13,Internet Fixe,FO,6
2025-04-13,Internet Fixe,WAFI,4
2025-04-13,Internet Fixe,Box,10
2025-04-13,Mobile,Prepaye,17
2025-04-13,Mobile,Postpaye,4
2025-04-13,Mobile,Data,7
2025-04-14,Internet Fixe,Rapido,3
2025-04-14,Internet Fixe,ADSL,3
2025-04-14,Internet Fixe,VDSL,2
2025-04-14,Internet Fixe,FO,14
2025-04-14,Internet Fixe,WAFI,2
2025-04-14,Internet Fixe,Box,18
2025-04-14,Mobile,Prepaye,34
2025-04-14,Mobile,Postpaye,17
2025-04-14,Mobile,Data,25
2025-04-15,Internet Fixe,Rapido,3
2025-04-15,Internet Fixe,ADSL,6
2025-04-15,Internet Fixe,VDSL,2
2025-04-15,Internet Fixe,FO,12
2025-04-15,Internet Fixe,WAFI,4
2025-04-15,Internet Fixe,Box,19
2025-04-15,Mobile,Prepaye,41
2025-04-15,Mobile,Postpaye,15
2025-04-15,Mobile,Data,24
2025-04-16,Internet Fixe,Rapido,2
2025-04-16,Internet Fixe,ADSL,7
2025-04-16,Internet Fixe,VDSL,7
2025-04-16,Internet Fixe,FO,15
2025-04-16,Internet Fixe,WAFI,4
2025-04-16,Internet Fixe,Box,26
2025-04-16,Mobile,Prepaye,35
2025-04-16,Mobile,Postpaye,11
2025-04-16,Mobile,Data,18
2025-04-17,Internet Fixe,Rapido,12
2025-04-17,Internet Fixe,ADSL,0
2025-04-17,Internet Fixe,VDSL,5
2025-04-17,Internet Fixe,FO,13
2025-04-17,Internet Fixe,WAFI,5
2025-04-17,Internet Fixe,Box,30
2025-04-17,Mobile,Prepaye,27
2025-04-17,Mobile,Postpaye,13
2025-04-17,Mobile,Data,9
2025-04-18,Internet Fixe,Rapido,3
2025-04-18,Internet Fixe,ADSL,3
2025-04-18,Internet Fixe,VDSL,5
2025-04-18,Internet Fixe,FO,12
2025-04-18,Internet Fixe,WAFI,3
2025-04-18,Internet Fixe,Box,18
2025-04-18,Mobile,Prepaye,29
2025-04-18,Mobile,Postpaye,12
2025-04-18,Mobile,Data,22
2025-04-19,Internet Fixe,Rapido,4
2025-04-19,Internet Fixe,ADSL,3
2025-04-19,Internet Fixe,VDSL,6
2025-04-19,Internet Fixe,FO,8
2025-04-19,Internet Fixe,WAFI,3
2025-04-19,Internet Fixe,Box,6
2025-04-19,Mobile,Prepaye,15
2025-04-19,Mobile,Postpaye,8
2025-04-19,Mobile,Data,12
2025-04-20,Internet Fixe,Rapido,5
2025-04-20,Internet Fixe,ADSL,1
2025-04-20,Internet Fixe,VDSL,5
2025-04-20,Internet Fixe,FO,3
2025-04-20,Internet Fixe,WAFI,4
2025-04-20,Internet Fixe,Box,16
2025-04-20,Mobile,Prepaye,12
2025-04-20,Mobile,Postpaye,4
2025-04-20,Mobile,Data,9
2025-04-21,Internet Fixe,Rapido,8
2025-04-21,Internet Fixe,ADSL,0
2025-04-21,Internet Fixe,VDSL,6
2025-04-21,Internet Fixe,FO,7
2025-04-21,Internet Fixe,WAFI,5
2025-04-21,Internet Fixe,Box,26
2025-04-21,Mobile,Prepaye,25
2025-04-21,Mobile,Postpaye,22
2025-04-21,Mobile,Data,20
2025-04-22,Internet Fixe,Rapido,1
2025-04-22,Internet Fixe,ADSL,2
2025-04-22,Internet Fixe,VDSL,1
2025-04-22,Internet Fixe,FO,10
2025-04-22,Internet Fixe,WAFI,5
2025-04-22,Internet Fixe,Box,30
2025-04-22,Mobile,Prepaye,33
2025-04-22,Mobile,Postpaye,9
2025-04-22,Mobile,Data,24
2025-04-23,Internet Fixe,Rapido,2
2025-04-23,Internet Fixe,ADSL,2
2025-04-23,Internet Fixe,VDSL,11
2025-04-23,Internet Fixe,FO,12
2025-04-23,Internet Fixe,WAFI,2
2025-04-23,Internet Fixe,Box,26
2025-04-23,Mobile,Prepaye,29
2025-04-23,Mobile,Postpaye,14
2025-04-23,Mobile,Data,30
2025-04-24,Internet Fixe,Rapido,1
2025-04-24,Internet Fixe,ADSL,5
2025-04-24,Internet Fixe,VDSL,13
2025-04-24,Internet Fixe,FO,8
2025-04-24,Internet Fixe,WAFI,3
2025-04-24,Internet Fixe,Box,20
2025-04-24,Mobile,Prepaye,39
2025-04-24,Mobile,Postpaye,15
2025-04-24,Mobile,Data,12
2025-04-25,Internet Fixe,Rapido,10
2025-04-25,Internet Fixe,ADSL,3
2025-04-25,Internet Fixe,VDSL,7
2025-04-25,Internet Fixe,FO,9
2025-04-25,Internet Fixe,WAFI,3
2025-04-25,Internet Fixe,Box,27
2025-04-25,Mobile,Prepaye,32
2025-04-25,Mobile,Postpaye,20
2025-04-25,Mobile,Data,19
2025-04-26,Internet Fixe,Rapido,3
2025-04-26,Internet Fixe,ADSL,2
2025-04-26,Internet Fixe,VDSL,3
2025-04-26,Internet Fixe,FO,9
2025-04-26,Internet Fixe,WAFI,4
2025-04-26,Internet Fixe,Box,16
2025-04-26,Mobile,Prepaye,18
2025-04-26,Mobile,Postpaye,3
2025-04-26,Mobile,Data,6
2025-04-27,Internet Fixe,Rapido,3
2025-04-27,Internet Fixe,ADSL,1
2025-04-27,Internet Fixe,VDSL,5
2025-04-27,Internet Fixe,FO,3
2025-04-27,Internet Fixe,WAFI,0
2025-04-27,Internet Fixe,Box,20
2025-04-27,Mobile,Prepaye,13
2025-04-27,Mobile,Postpaye,6
2025-04-27,Mobile,Data,10
2025-04-28,Internet Fixe,Rapido,7
2025-04-28,Internet Fixe,ADSL,4
2025-04-28,Internet Fixe,VDSL,10
2025-04-28,Internet Fixe,FO,15
2025-04-28,Internet Fixe,WAFI,1
2025-04-28,Internet Fixe,Box,23
2025-04-28,Mobile,Prepaye,50
2025-04-28,Mobile,Postpaye,13
2025-04-28,Mobile,Data,23
2025-04-29,Internet Fixe,Rapido,11
2025-04-29,Internet Fixe,ADSL,1
2025-04-29,Internet Fixe,VDSL,8
2025-04-29,Internet Fixe,FO,13
2025-04-29,Internet Fixe,WAFI,3
2025-04-29,Internet Fixe,Box,29
2025-04-29,Mobile,Prepaye,22
2025-04-29,Mobile,Postpaye,8
2025-04-29,Mobile,Data,24
2025-04-30,Internet Fixe,Rapido,4
2025-04-30,Internet Fixe,ADSL,1
2025-04-30,Internet Fixe,VDSL,5
2025-04-30,Internet Fixe,FO,8
2025-04-30,Internet Fixe,WAFI,1
2025-04-30,Internet Fixe,Box,21
2025-04-30,Mobile,Prepaye,41
2025-04-30,Mobile,Postpaye,10
2025-04-30,Mobile,Data,19
2025-05-01,Internet Fixe,Rapido,7
2025-05-01,Internet Fixe,ADSL,1
2025-05-01,Internet Fixe,VDSL,7
2025-05-01,Internet Fixe,FO,13
2025-05-01,Internet Fixe,WAFI,3
2025-05-01,Internet Fixe,Box,33
2025-05-01,Mobile,Prepaye,38
2025-05-01,Mobile,Postpaye,9
2025-05-01,Mobile,Data,23
2025-05-02,Internet Fixe,Rapido,6
2025-05-02,Internet Fixe,ADSL,0
2025-05-02,Internet Fixe,VDSL,4
2025-05-02,Internet Fixe,FO,10
2025-05-02,Internet Fixe,WAFI,6
2025-05-02,Internet Fixe,Box,17
2025-05-02,Mobile,Prepaye,41
2025-05-02,Mobile,Postpaye,13
2025-05-02,Mobile,Data,16
2025-05-03,Internet Fixe,Rapido,2
2025-05-03,Internet Fixe,ADSL,0
2025-05-03,Internet Fixe,VDSL,3
2025-05-03,Internet Fixe,FO,5
2025-05-03,Internet Fixe,WAFI,2
2025-05-03,Internet Fixe,Box,10
2025-05-03,Mobile,Prepaye,15
2025-05-03,Mobile,Postpaye,8
2025-05-03,Mobile,Data,2
2025-05-04,Internet Fixe,Rapido,2
2025-05-04,Internet Fixe,ADSL,0
2025-05-04,Internet Fixe,VDSL,4
2025-05-04,Internet Fixe,FO,2
2025-05-04,Internet Fixe,WAFI,1
2025-05-04,Internet Fixe,Box,6
2025-05-04,Mobile,Prepaye,25
2025-05-04,Mobile,Postpaye,7
2025-05-04,Mobile,Data,8
2025-05-05,Internet Fixe,Rapido,5
2025-05-05,Internet Fixe,ADSL,1
2025-05-05,Internet Fixe,VDSL,5
2025-05-05,Internet Fixe,FO,13
2025-05-05,Internet Fixe,WAFI,4
2025-05-05,Internet Fixe,Box,27
2025-05-05,Mobile,Prepaye,38
2025-05-05,Mobile,Postpaye,14
2025-05-05,Mobile,Data,17
2025-05-06,Internet Fixe,Rapido,3
2025-05-06,Internet Fixe,ADSL,1
2025-05-06,Internet Fixe,VDSL,3
2025-05-06,Internet Fixe,FO,8
2025-05-06,Internet Fixe,WAFI,1
2025-05-06,Internet Fixe,Box,21
2025-05-06,Mobile,Prepaye,23
2025-05-06,Mobile,Postpaye,12
2025-05-06,Mobile,Data,22
2025-05-07,Internet Fixe,Rapido,5
2025-05-07,Internet Fixe,ADSL,3
2025-05-07,Internet Fixe,VDSL,6
2025-05-07,Internet Fixe,FO,12
2025-05-07,Internet Fixe,WAFI,4
2025-05-07,Internet Fixe,Box,27
2025-05-07,Mobile,Prepaye,29
2025-05-07,Mobile,Postpaye,20
2025-05-07,Mobile,Data,16
2025-05-08,Internet Fixe,Rapido,9
2025-05-08,Internet Fixe,ADSL,4
2025-05-08,Internet Fixe,VDSL,14
2025-05-08,Internet Fixe,FO,16
2025-05-08,Internet Fixe,WAFI,5
2025-05-08,Internet Fixe,Box,30
2025-05-08,Mobile,Prepaye,43
2025-05-08,Mobile,Postpaye,12
2025-05-08,Mobile,Data,22
2025-05-09,Internet Fixe,Rapido,5
2025-05-09,Internet Fixe,ADSL,1
2025-05-09,Internet Fixe,VDSL,3
2025-05-09,Internet Fixe,FO,9
2025-05-09,Internet Fixe,WAFI,3
2025-05-09,Internet Fixe,Box,29
2025-05-09,Mobile,Prepaye,37
2025-05-09,Mobile,Postpaye,15
2025-05-09,Mobile,Data,10
2025-05-10,Internet Fixe,Rapido,3
2025-05-10,Internet Fixe,ADSL,3
2025-05-10,Internet Fixe,VDSL,2
2025-05-10,Internet Fixe,FO,5
2025-05-10,Internet Fixe,WAFI,1
2025-05-10,Internet Fixe,Box,17
2025-05-10,Mobile,Prepaye,16
2025-05-10,Mobile,Postpaye,8
2025-05-10,Mobile,Data,9
2025-05-11,Internet Fixe,Rapido,0
2025-05-11,Internet Fixe,ADSL,2
2025-05-11,Internet Fixe,VDSL,6
2025-05-11,Internet Fixe,FO,3
2025-05-11,Internet Fixe,WAFI,2
2025-05-11,Internet Fixe,Box,8
2025-05-11,Mobile,Prepaye,17
2025-05-11,Mobile,Postpaye,9
2025-05-11,Mobile,Data,12
2025-05-12,Internet Fixe,Rapido,4
2025-05-12,Internet Fixe,ADSL,3
2025-05-12,Internet Fixe,VDSL,6
2025-05-12,Internet Fixe,FO,11
2025-05-12,Internet Fixe,WAFI,3
2025-05-12,Internet Fixe,Box,24
2025-05-12,Mobile,Prepaye,28
2025-05-12,Mobile,Postpaye,12
2025-05-12,Mobile,Data,20
2025-05-13,Internet Fixe,Rapido,2
2025-05-13,Internet Fixe,ADSL,3
2025-05-13,Internet Fixe,VDSL,7
2025-05-13,Internet Fixe,FO,10
2025-05-13,Internet Fixe,WAFI,3
2025-05-13,Internet Fixe,Box,36
2025-05-13,Mobile,Prepaye,31
2025-05-13,Mobile,Postpaye,17
2025-05-13,Mobile,Data,13
2025-05-14,Internet Fixe,Rapido,5
2025-05-14,Internet Fixe,ADSL,5
2025-05-14,Internet Fixe,VDSL,1
2025-05-14,Internet Fixe,FO,10
2025-05-14,Internet Fixe,WAFI,3
2025-05-14,Internet Fixe,Box,22
2025-05-14,Mobile,Prepaye,28
2025-05-14,Mobile,Postpaye,4
2025-05-14,Mobile,Data,21
2025-05-15,Internet Fixe,Rapido,7
2025-05-15,Internet Fixe,ADSL,3
2025-05-15,Internet Fixe,VDSL,4
2025-05-15,Internet Fixe,FO,9
2025-05-15,Internet Fixe,WAFI,8
2025-05-15,Internet Fixe,Box,32
2025-05-15,Mobile,Prepaye,31
2025-05-15,Mobile,Postpaye,15
2025-05-15,Mobile,Data,17
2025-05-16,Internet Fixe,Rapido,8
2025-05-16,Internet Fixe,ADSL,1
2025-05-16,Internet Fixe,VDSL,6
2025-05-16,Internet Fixe,FO,11
2025-05-16,Internet Fixe,WAFI,1
2025-05-16,Internet Fixe,Box,25
2025-05-16,Mobile,Prepaye,35
2025-05-16,Mobile,Postpaye,13
2025-05-16,Mobile,Data,13
2025-05-17,Internet Fixe,Rapido,3
2025-05-17,Internet Fixe,ADSL,2
2025-05-17,Internet Fixe,VDSL,1
2025-05-17,Internet Fixe,FO,6
2025-05-17,Internet Fixe,WAFI,4
2025-05-17,Internet Fixe,Box,13
2025-05-17,Mobile,Prepaye,21
2025-05-17,Mobile,Postpaye,7
2025-05-17,Mobile,Data,8
2025-05-18,Internet Fixe,Rapido,6
2025-05-18,Internet Fixe,ADSL,3
2025-05-18,Internet Fixe,VDSL,7
2025-05-18,Internet Fixe,FO,9
2025-05-18,Internet Fixe,WAFI,3
2025-05-18,Internet Fixe,Box,12
2025-05-18,Mobile,Prepaye,15
2025-05-18,Mobile,Postpaye,4
2025-05-18,Mobile,Data,7
2025-05-19,Internet Fixe,Rapido,1
2025-05-19,Internet Fixe,ADSL,2
2025-05-19,Internet Fixe,VDSL,7
2025-05-19,Internet Fixe,FO,14
2025-05-19,Internet Fixe,WAFI,3
2025-05-19,Internet Fixe,Box,19
2025-05-19,Mobile,Prepaye,25
2025-05-19,Mobile,Postpaye,9
2025-05-19,Mobile,Data,23
2025-05-20,Internet Fixe,Rapido,4
2025-05-20,Internet Fixe,ADSL,6
2025-05-20,Internet Fixe,VDSL,3
2025-05-20,Internet Fixe,FO,13
2025-05-20,Internet Fixe,WAFI,6
2025-05-20,Internet Fixe,Box,24
2025-05-20,Mobile,Prepaye,44
2025-05-20,Mobile,Postpaye,19
2025-05-20,Mobile,Data,19
2025-05-21,Internet Fixe,Rapido,7
2025-05-21,Internet Fixe,ADSL,2
2025-05-21,Internet Fixe,VDSL,5
2025-05-21,Internet Fixe,FO,7
2025-05-21,Internet Fixe,WAFI,3
2025-05-21,Internet Fixe,Box,20
2025-05-21,Mobile,Prepaye,42
2025-05-21,Mobile,Postpaye,13
2025-05-21,Mobile,Data,9
2025-05-22,Internet Fixe,Rapido,3
2025-05-22,Internet Fixe,ADSL,1
2025-05-22,Internet Fixe,VDSL,6
2025-05-22,Internet Fixe,FO,19
2025-05-22,Internet Fixe,WAFI,2
2025-05-22,Internet Fixe,Box,23
2025-05-22,Mobile,Prepaye,30
2025-05-22,Mobile,Postpaye,17
2025-05-22,Mobile,Data,18
2025-05-23,Internet Fixe,Rapido,6
2025-05-23,Internet Fixe,ADSL,4
2025-05-23,Internet Fixe,VDSL,5
2025-05-23,Internet Fixe,FO,11
2025-05-23,Internet Fixe,WAFI,2
2025-05-23,Internet Fixe,Box,21
2025-05-23,Mobile,Prepaye,35
2025-05-23,Mobile,Postpaye,15
2025-05-23,Mobile,Data,18
2025-05-24,Internet Fixe,Rapido,4
2025-05-24,Internet Fixe,ADSL,2
2025-05-24,Internet Fixe,VDSL,6
2025-05-24,Internet Fixe,FO,3
2025-05-24,Internet Fixe,WAFI,3
2025-05-24,Internet Fixe,Box,14
2025-05-24,Mobile,Prepaye,19
2025-05-24,Mobile,Postpaye,4
2025-05-24,Mobile,Data,10
2025-05-25,Internet Fixe,Rapido,5
2025-05-25,Internet Fixe,ADSL,2
2025-05-25,Internet Fixe,VDSL,2
2025-05-25,Internet Fixe,FO,10
2025-05-25,Internet Fixe,WAFI,0
2025-05-25,Internet Fixe,Box,9
2025-05-25,Mobile,Prepaye,11
2025-05-25,Mobile,Postpaye,9
2025-05-25,Mobile,Data,7
2025-05-26,Internet Fixe,Rapido,4
2025-05-26,Internet Fixe,ADSL,3
2025-05-26,Internet Fixe,VDSL,8
2025-05-26,Internet Fixe,FO,8
2025-05-26,Internet Fixe,WAFI,4
2025-05-26,Internet Fixe,Box,24
2025-05-26,Mobile,Prepaye,21
2025-05-26,Mobile,Postpaye,18
2025-05-26,Mobile,Data,12
2025-05-27,Internet Fixe,Rapido,7
2025-05-27,Internet Fixe,ADSL,2
2025-05-27,Internet Fixe,VDSL,13
2025-05-27,Internet Fixe,FO,5
2025-05-27,Internet Fixe,WAFI,2
2025-05-27,Internet Fixe,Box,21
2025-05-27,Mobile,Prepaye,24
2025-05-27,Mobile,Postpaye,8
2025-05-27,Mobile,Data,13
2025-05-28,Internet Fixe,Rapido,4
2025-05-28,Internet Fixe,ADSL,0
2025-05-28,Internet Fixe,VDSL,12
2025-05-28,Internet Fixe,FO,16
2025-05-28,Internet Fixe,WAFI,3
2025-05-28,Internet Fixe,Box,34
2025-05-28,Mobile,Prepaye,41
2025-05-28,Mobile,Postpaye,11
2025-05-28,Mobile,Data,15
2025-05-29,Internet Fixe,Rapido,8
2025-05-29,Internet Fixe,ADSL,2
2025-05-29,Internet Fixe,VDSL,8
2025-05-29,Internet Fixe,FO,7
2025-05-29,Internet Fixe,WAFI,5
2025-05-29,Internet Fixe,Box,29
2025-05-29,Mobile,Prepaye,34
2025-05-29,Mobile,Postpaye,10
2025-05-29,Mobile,Data,27
2025-05-30,Internet Fixe,Rapido,5
2025-05-30,Internet Fixe,ADSL,2
2025-05-30,Internet Fixe,VDSL,8
2025-05-30,Internet Fixe,FO,11
2025-05-30,Internet Fixe,WAFI,8
2025-05-30,Internet Fixe,Box,21
2025-05-30,Mobile,Prepaye,34
2025-05-30,Mobile,Postpaye,9
2025-05-30,Mobile,Data,24
2025-05-31,Internet Fixe,Rapido,2
2025-05-31,Internet Fixe,ADSL,5
2025-05-31,Internet Fixe,VDSL,3
2025-05-31,Internet Fixe,FO,7
2025-05-31,Internet Fixe,WAFI,3
2025-05-31,Internet Fixe,Box,8
2025-05-31,Mobile,Prepaye,11
2025-05-31,Mobile,Postpaye,10
2025-05-31,Mobile,Data,9
2025-06-01,Internet Fixe,Rapido,2
2025-06-01,Internet Fixe,ADSL,2
2025-06-01,Internet Fixe,VDSL,1
2025-06-01,Internet Fixe,FO,6
2025-06-01,Internet Fixe,WAFI,0
2025-06-01,Internet Fixe,Box,15
2025-06-01,Mobile,Prepaye,20
2025-06-01,Mobile,Postpaye,5
2025-06-01,Mobile,Data,15
2025-06-02,Internet Fixe,Rapido,7
2025-06-02,Internet Fixe,ADSL,2
2025-06-02,Internet Fixe,VDSL,6
2025-06-02,Internet Fixe,FO,19
2025-06-02,Internet Fixe,WAFI,3
2025-06-02,Internet Fixe,Box,20
2025-06-02,Mobile,Prepaye,42
2025-06-02,Mobile,Postpaye,18
2025-06-02,Mobile,Data,12
2025-06-03,Internet Fixe,Rapido,8
2025-06-03,Internet Fixe,ADSL,2
2025-06-03,Internet Fixe,VDSL,8
2025-06-03,Internet Fixe,FO,9
2025-06-03,Internet Fixe,WAFI,3
2025-06-03,Internet Fixe,Box,21
2025-06-03,Mobile,Prepaye,35
2025-06-03,Mobile,Postpaye,15
2025-06-03,Mobile,Data,7
2025-06-04,Internet Fixe,Rapido,2
2025-06-04,Internet Fixe,ADSL,2
2025-06-04,Internet Fixe,VDSL,3
2025-06-04,Internet Fixe,FO,8
2025-06-04,Internet Fixe,WAFI,5
2025-06-04,Internet Fixe,Box,26
2025-06-04,Mobile,Prepaye,31
2025-06-04,Mobile,Postpaye,16
2025-06-04,Mobile,Data,20
2025-06-05,Internet Fixe,Rapido,5
2025-06-05,Internet Fixe,ADSL,0
2025-06-05,Internet Fixe,VDSL,6
2025-06-05,Internet Fixe,FO,10
2025-06-05,Internet Fixe,WAFI,2
2025-06-05,Internet Fixe,Box,29
2025-06-05,Mobile,Prepaye,35
2025-06-05,Mobile,Postpaye,15
2025-06-05,Mobile,Data,22
2025-06-06,Internet Fixe,Rapido,3
2025-06-06,Internet Fixe,ADSL,2
2025-06-06,Internet Fixe,VDSL,7
2025-06-06,Internet Fixe,FO,10
2025-06-06,Internet Fixe,WAFI,4
2025-06-06,Internet Fixe,Box,23
2025-06-06,Mobile,Prepaye,36
2025-06-06,Mobile,Postpaye,6
2025-06-06,Mobile,Data,24
2025-06-07,Internet Fixe,Rapido,3
2025-06-07,Internet Fixe,ADSL,0
2025-06-07,Internet Fixe,VDSL,2
2025-06-07,Internet Fixe,FO,4
2025-06-07,Internet Fixe,WAFI,3
2025-06-07,Internet Fixe,Box,5
2025-06-07,Mobile,Prepaye,14
2025-06-07,Mobile,Postpaye,9
2025-06-07,Mobile,Data,10
2025-06-08,Internet Fixe,Rapido,4
2025-06-08,Internet Fixe,ADSL,0
2025-06-08,Internet Fixe,VDSL,6
2025-06-08,Internet Fixe,FO,5
2025-06-08,Internet Fixe,WAFI,2
2025-06-08,Internet Fixe,Box,12
2025-06-08,Mobile,Prepaye,13
2025-06-08,Mobile,Postpaye,8
2025-06-08,Mobile,Data,11
2025-06-09,Internet Fixe,Rapido,3
2025-06-09,Internet Fixe,ADSL,2
2025-06-09,Internet Fixe,VDSL,7
2025-06-09,Internet Fixe,FO,11
2025-06-09,Internet Fixe,WAFI,1
2025-06-09,Internet Fixe,Box,17
2025-06-09,Mobile,Prepaye,34
2025-06-09,Mobile,Postpaye,17
2025-06-09,Mobile,Data,12
2025-06-10,Internet Fixe,Rapido,5
2025-06-10,Internet Fixe,ADSL,4
2025-06-10,Internet Fixe,VDSL,12
2025-06-10,Internet Fixe,FO,9
2025-06-10,Internet Fixe,WAFI,2
2025-06-10,Internet Fixe,Box,36
2025-06-10,Mobile,Prepaye,32
2025-06-10,Mobile,Postpaye,7
2025-06-10,Mobile,Data,16
2025-06-11,Internet Fixe,Rapido,4
2025-06-11,Internet Fixe,ADSL,1
2025-06-11,Internet Fixe,VDSL,8
2025-06-11,Internet Fixe,FO,14
2025-06-11,Internet Fixe,WAFI,4
2025-06-11,Internet Fixe,Box,31
2025-06-11,Mobile,Prepaye,30
2025-06-11,Mobile,Postpaye,7
2025-06-11,Mobile,Data,16
2025-06-12,Internet Fixe,Rapido,1
2025-06-12,Internet Fixe,ADSL,4
2025-06-12,Internet Fixe,VDSL,7
2025-06-12,Internet Fixe,FO,6
2025-06-12,Internet Fixe,WAFI,6
2025-06-12,Internet Fixe,Box,30
2025-06-12,Mobile,Prepaye,42
2025-06-12,Mobile,Postpaye,16
2025-06-12,Mobile,Data,22
2025-06-13,Internet Fixe,Rapido,2
2025-06-13,Internet Fixe,ADSL,4
2025-06-13,Internet Fixe,VDSL,8
2025-06-13,Internet Fixe,FO,11
2025-06-13,Internet Fixe,WAFI,1
2025-06-13,Internet Fixe,Box,27
2025-06-13,Mobile,Prepaye,42
2025-06-13,Mobile,Postpaye,9
2025-06-13,Mobile,Data,20
2025-06-14,Internet Fixe,Rapido,2
2025-06-14,Internet Fixe,ADSL,0
2025-06-14,Internet Fixe,VDSL,5
2025-06-14,Internet Fixe,FO,2
2025-06-14,Internet Fixe,WAFI,2
2025-06-14,Internet Fixe,Box,10
2025-06-14,Mobile,Prepaye,9
2025-06-14,Mobile,Postpaye,6
2025-06-14,Mobile,Data,9
2025-06-15,Internet Fixe,Rapido,2
2025-06-15,Internet Fixe,ADSL,2
2025-06-15,Internet Fixe,VDSL,1
2025-06-15,Internet Fixe,FO,5
2025-06-15,Internet Fixe,WAFI,1
2025-06-15,Internet Fixe,Box,10
2025-06-15,Mobile,Prepaye,12
2025-06-15,Mobile,Postpaye,6
2025-06-15,Mobile,Data,10
2025-06-16,Internet Fixe,Rapido,3
2025-06-16,Internet Fixe,ADSL,0
2025-06-16,Internet Fixe,VDSL,6
2025-06-16,Internet Fixe,FO,9
2025-06-16,Internet Fixe,WAFI,6
2025-06-16,Internet Fixe,Box,29
2025-06-16,Mobile,Prepaye,39
2025-06-16,Mobile,Postpaye,11
2025-06-16,Mobile,Data,22
2025-06-17,Internet Fixe,Rapido,7
2025-06-17,Internet Fixe,ADSL,1
2025-06-17,Internet Fixe,VDSL,13
2025-06-17,Internet Fixe,FO,9
2025-06-17,Internet Fixe,WAFI,3
2025-06-17,Internet Fixe,Box,10
2025-06-17,Mobile,Prepaye,40
2025-06-17,Mobile,Postpaye,8
2025-06-17,Mobile,Data,13
2025-06-18,Internet Fixe,Rapido,9
2025-06-18,Internet Fixe,ADSL,2
2025-06-18,Internet Fixe,VDSL,8
2025-06-18,Internet Fixe,FO,9
2025-06-18,Internet Fixe,WAFI,5
2025-06-18,Internet Fixe,Box,17
2025-06-18,Mobile,Prepaye,30
2025-06-18,Mobile,Postpaye,6
2025-06-18,Mobile,Data,24
2025-06-19,Internet Fixe,Rapido,4
2025-06-19,Internet Fixe,ADSL,0
2025-06-19,Internet Fixe,VDSL,16
2025-06-19,Internet Fixe,FO,13
2025-06-19,Internet Fixe,WAFI,4
2025-06-19,Internet Fixe,Box,26
2025-06-19,Mobile,Prepaye,24
2025-06-19,Mobile,Postpaye,12
2025-06-19,Mobile,Data,18
2025-06-20,Internet Fixe,Rapido,2
2025-06-20,Internet Fixe,ADSL,1
2025-06-20,Internet Fixe,VDSL,8
2025-06-20,Internet Fixe,FO,11
2025-06-20,Internet Fixe,WAFI,6
2025-06-20,Internet Fixe,Box,28
2025-06-20,Mobile,Prepaye,42
2025-06-20,Mobile,Postpaye,9
2025-06-20,Mobile,Data,11
2025-06-21,Internet Fixe,Rapido,3
2025-06-21,Internet Fixe,ADSL,0
2025-06-21,Internet Fixe,VDSL,3
2025-06-21,Internet Fixe,FO,6
2025-06-21,Internet Fixe,WAFI,1
2025-06-21,Internet Fixe,Box,16
2025-06-21,Mobile,Prepaye,21
2025-06-21,Mobile,Postpaye,6
2025-06-21,Mobile,Data,12
2025-06-22,Internet Fixe,Rapido,3
2025-06-22,Internet Fixe,ADSL,5
2025-06-22,Internet Fixe,VDSL,6
2025-06-22,Internet Fixe,FO,5
2025-06-22,Internet Fixe,WAFI,0
2025-06-22,Internet Fixe,Box,8
2025-06-22,Mobile,Prepaye,8
2025-06-22,Mobile,Postpaye,5
2025-06-22,Mobile,Data,6
2025-06-23,Internet Fixe,Rapido,5
2025-06-23,Internet Fixe,ADSL,6
2025-06-23,Internet Fixe,VDSL,8
2025-06-23,Internet Fixe,FO,10
2025-06-23,Internet Fixe,WAFI,3
2025-06-23,Internet Fixe,Box,23
2025-06-23,Mobile,Prepaye,39
2025-06-23,Mobile,Postpaye,12
2025-06-23,Mobile,Data,18
2025-06-24,Internet Fixe,Rapido,8
2025-06-24,Internet Fixe,ADSL,5
2025-06-24,Internet Fixe,VDSL,5
2025-06-24,Internet Fixe,FO,10
2025-06-24,Internet Fixe,WAFI,3
2025-06-24,Internet Fixe,Box,22
2025-06-24,Mobile,Prepaye,39
2025-06-24,Mobile,Postpaye,8
2025-06-24,Mobile,Data,19
2025-06-25,Internet Fixe,Rapido,5
2025-06-25,Internet Fixe,ADSL,2
2025-06-25,Internet Fixe,VDSL,4
2025-06-25,Internet Fixe,FO,14
2025-06-25,Internet Fixe,WAFI,3
2025-06-25,Internet Fixe,Box,20
2025-06-25,Mobile,Prepaye,31
2025-06-25,Mobile,Postpaye,17
2025-06-25,Mobile,Data,19
2025-06-26,Internet Fixe,Rapido,5
2025-06-26,Internet Fixe,ADSL,2
2025-06-26,Internet Fixe,VDSL,5
2025-06-26,Internet Fixe,FO,8
2025-06-26,Internet Fixe,WAFI,7
2025-06-26,Internet Fixe,Box,17
2025-06-26,Mobile,Prepaye,32
2025-06-26,Mobile,Postpaye,10
2025-06-26,Mobile,Data,19
2025-06-27,Internet Fixe,Rapido,5
2025-06-27,Internet Fixe,ADSL,4
2025-06-27,Internet Fixe,VDSL,8
2025-06-27,Internet Fixe,FO,15
2025-06-27,Internet Fixe,WAFI,3
2025-06-27,Internet Fixe,Box,26
2025-06-27,Mobile,Prepaye,33
2025-06-27,Mobile,Postpaye,18
2025-06-27,Mobile,Data,23
2025-06-28,Internet Fixe,Rapido,0
2025-06-28,Internet Fixe,ADSL,0
2025-06-28,Internet Fixe,VDSL,0
2025-06-28,Internet Fixe,FO,3
2025-06-28,Internet Fixe,WAFI,4
2025-06-28,Internet Fixe,Box,12
2025-06-28,Mobile,Prepaye,23
2025-06-28,Mobile,Postpaye,8
2025-06-28,Mobile,Data,10
2025-06-29,Internet Fixe,Rapido,1
2025-06-29,Internet Fixe,ADSL,1
2025-06-29,Internet Fixe,VDSL,0
2025-06-29,Internet Fixe,FO,8
2025-06-29,Internet Fixe,WAFI,1
2025-06-29,Internet Fixe,Box,11
2025-06-29,Mobile,Prepaye,13
2025-06-29,Mobile,Postpaye,7
2025-06-29,Mobile,Data,7
2025-06-30,Internet Fixe,Rapido,8
2025-06-30,Internet Fixe,ADSL,2
2025-06-30,Internet Fixe,VDSL,3
2025-06-30,Internet Fixe,FO,12
2025-06-30,Internet Fixe,WAFI,3
2025-06-30,Internet Fixe,Box,22
2025-06-30,Mobile,Prepaye,33
2025-06-30,Mobile,Postpaye,13
2025-06-30,Mobile,Data,21
2025-07-01,Internet Fixe,Rapido,1
2025-07-01,Internet Fixe,ADSL,1
2025-07-01,Internet Fixe,VDSL,7
2025-07-01,Internet Fixe,FO,14
2025-07-01,Internet Fixe,WAFI,4
2025-07-01,Internet Fixe,Box,25
2025-07-01,Mobile,Prepaye,34
2025-07-01,Mobile,Postpaye,14
2025-07-01,Mobile,Data,15
2025-07-02,Internet Fixe,Rapido,7
2025-07-02,Internet Fixe,ADSL,6
2025-07-02,Internet Fixe,VDSL,5
2025-07-02,Internet Fixe,FO,8
2025-07-02,Internet Fixe,WAFI,4
2025-07-02,Internet Fixe,Box,18
2025-07-02,Mobile,Prepaye,39
2025-07-02,Mobile,Postpaye,9
2025-07-02,Mobile,Data,19
2025-07-03,Internet Fixe,Rapido,5
2025-07-03,Internet Fixe,ADSL,1
2025-07-03,Internet Fixe,VDSL,9
2025-07-03,Internet Fixe,FO,9
2025-07-03,Internet Fixe,WAFI,4
2025-07-03,Internet Fixe,Box,22
2025-07-03,Mobile,Prepaye,32
2025-07-03,Mobile,Postpaye,11
2025-07-03,Mobile,Data,16
2025-07-04,Internet Fixe,Rapido,4
2025-07-04,Internet Fixe,ADSL,0
2025-07-04,Internet Fixe,VDSL,3
2025-07-04,Internet Fixe,FO,5
2025-07-04,Internet Fixe,WAFI,2
2025-07-04,Internet Fixe,Box,15
2025-07-04,Mobile,Prepaye,28
2025-07-04,Mobile,Postpaye,12
2025-07-04,Mobile,Data,16
2025-07-05,Internet Fixe,Rapido,1
2025-07-05,Internet Fixe,ADSL,0
2025-07-05,Internet Fixe,VDSL,6
2025-07-05,Internet Fixe,FO,4
2025-07-05,Internet Fixe,WAFI,0
2025-07-05,Internet Fixe,Box,8
2025-07-05,Mobile,Prepaye,12
2025-07-05,Mobile,Postpaye,10
2025-07-05,Mobile,Data,6
2025-07-06,Internet Fixe,Rapido,1
2025-07-06,Internet Fixe,ADSL,3
2025-07-06,Internet Fixe,VDSL,3
2025-07-06,Internet Fixe,FO,7
2025-07-06,Internet Fixe,WAFI,4
2025-07-06,Internet Fixe,Box,13
2025-07-06,Mobile,Prepaye,11
2025-07-06,Mobile,Postpaye,3
2025-07-06,Mobile,Data,12
2025-07-07,Internet Fixe,Rapido,5
2025-07-07,Internet Fixe,ADSL,4
2025-07-07,Internet Fixe,VDSL,10
2025-07-07,Internet Fixe,FO,9
2025-07-07,Internet Fixe,WAFI,1
2025-07-07,Internet Fixe,Box,38
2025-07-07,Mobile,Prepaye,34
2025-07-07,Mobile,Postpaye,12
2025-07-07,Mobile,Data,25
2025-07-08,Internet Fixe,Rapido,3
2025-07-08,Internet Fixe,ADSL,4
2025-07-08,Internet Fixe,VDSL,3
2025-07-08,Internet Fixe,FO,7
2025-07-08,Internet Fixe,WAFI,8
2025-07-08,Internet Fixe,Box,8
2025-07-08,Mobile,Prepaye,35
2025-07-08,Mobile,Postpaye,8
2025-07-08,Mobile,Data,20
2025-07-09,Internet Fixe,Rapido,3
2025-07-09,Internet Fixe,ADSL,3
2025-07-09,Internet Fixe,VDSL,1
2025-07-09,Internet Fixe,FO,3
2025-07-09,Internet Fixe,WAFI,4
2025-07-09,Internet Fixe,Box,22
2025-07-09,Mobile,Prepaye,35
2025-07-09,Mobile,Postpaye,14
2025-07-09,Mobile,Data,20
2025-07-10,Internet Fixe,Rapido,6
2025-07-10,Internet Fixe,ADSL,1
2025-07-10,Internet Fixe,VDSL,3
2025-07-10,Internet Fixe,FO,7
2025-07-10,Internet Fixe,WAFI,5
2025-07-10,Internet Fixe,Box,22
2025-07-10,Mobile,Prepaye,29
2025-07-10,Mobile,Postpaye,8
2025-07-10,Mobile,Data,21
2025-07-11,Internet Fixe,Rapido,6
2025-07-11,Internet Fixe,ADSL,4
2025-07-11,Internet Fixe,VDSL,2
2025-07-11,Internet Fixe,FO,12
2025-07-11,Internet Fixe,WAFI,4
2025-07-11,Internet Fixe,Box,29
2025-07-11,Mobile,Prepaye,32
2025-07-11,Mobile,Postpaye,11
2025-07-11,Mobile,Data,8
2025-07-12,Internet Fixe,Rapido,1
2025-07-12,Internet Fixe,ADSL,1
2025-07-12,Internet Fixe,VDSL,2
2025-07-12,Internet Fixe,FO,5
2025-07-12,Internet Fixe,WAFI,0
2025-07-12,Internet Fixe,Box,15
2025-07-12,Mobile,Prepaye,15
2025-07-12,Mobile,Postpaye,8
2025-07-12,Mobile,Data,8
2025-07-13,Internet Fixe,Rapido,1
2025-07-13,Internet Fixe,ADSL,1
2025-07-13,Internet Fixe,VDSL,7
2025-07-13,Internet Fixe,FO,6
2025-07-13,Internet Fixe,WAFI,3
2025-07-13,Internet Fixe,Box,9
2025-07-13,Mobile,Prepaye,13
2025-07-13,Mobile,Postpaye,7
2025-07-13,Mobile,Data,6
2025-07-14,Internet Fixe,Rapido,6
2025-07-14,Internet Fixe,ADSL,3
2025-07-14,Internet Fixe,VDSL,9
2025-07-14,Internet Fixe,FO,9
2025-07-14,Internet Fixe,WAFI,3
2025-07-14,Internet Fixe,Box,23
2025-07-14,Mobile,Prepaye,28
2025-07-14,Mobile,Postpaye,17
2025-07-14,Mobile,Data,16
2025-07-15,Internet Fixe,Rapido,2
2025-07-15,Internet Fixe,ADSL,1
2025-07-15,Internet Fixe,VDSL,7
2025-07-15,Internet Fixe,FO,5
2025-07-15,Internet Fixe,WAFI,2
2025-07-15,Internet Fixe,Box,23
2025-07-15,Mobile,Prepaye,30
2025-07-15,Mobile,Postpaye,8
2025-07-15,Mobile,Data,21
2025-07-16,Internet Fixe,Rapido,2
2025-07-16,Internet Fixe,ADSL,2
2025-07-16,Internet Fixe,VDSL,11
2025-07-16,Internet Fixe,FO,7
2025-07-16,Internet Fixe,WAFI,6
2025-07-16,Internet Fixe,Box,17
2025-07-16,Mobile,Prepaye,34
2025-07-16,Mobile,Postpaye,15
2025-07-16,Mobile,Data,20
2025-07-17,Internet Fixe,Rapido,7
2025-07-17,Internet Fixe,ADSL,1
2025-07-17,Internet Fixe,VDSL,7
2025-07-17,Internet Fixe,FO,10
2025-07-17,Internet Fixe,WAFI,4
2025-07-17,Internet Fixe,Box,25
2025-07-17,Mobile,Prepaye,31
2025-07-17,Mobile,Postpaye,13
2025-07-17,Mobile,Data,20
2025-07-18,Internet Fixe,Rapido,8
2025-07-18,Internet Fixe,ADSL,1
2025-07-18,Internet Fixe,VDSL,6
2025-07-18,Internet Fixe,FO,7
2025-07-18,Internet Fixe,WAFI,3
2025-07-18,Internet Fixe,Box,22
2025-07-18,Mobile,Prepaye,31
2025-07-18,Mobile,Postpaye,12
2025-07-18,Mobile,Data,17
2025-07-19,Internet Fixe,Rapido,2
2025-07-19,Internet Fixe,ADSL,0
2025-07-19,Internet Fixe,VDSL,5
2025-07-19,Internet Fixe,FO,5
2025-07-19,Internet Fixe,WAFI,1
2025-07-19,Internet Fixe,Box,7
2025-07-19,Mobile,Prepaye,15
2025-07-19,Mobile,Postpaye,1
2025-07-19,Mobile,Data,2
2025-07-20,Internet Fixe,Rapido,2
2025-07-20,Internet Fixe,ADSL,0
2025-07-20,Internet Fixe,VDSL,3
2025-07-20,Internet Fixe,FO,4
2025-07-20,Internet Fixe,WAFI,3
2025-07-20,Internet Fixe,Box,13
2025-07-20,Mobile,Prepaye,12
2025-07-20,Mobile,Postpaye,7
2025-07-20,Mobile,Data,8
2025-07-21,Internet Fixe,Rapido,7
2025-07-21,Internet Fixe,ADSL,4
2025-07-21,Internet Fixe,VDSL,6
2025-07-21,Internet Fixe,FO,7
2025-07-21,Internet Fixe,WAFI,4
2025-07-21,Internet Fixe,Box,18
2025-07-21,Mobile,Prepaye,48
2025-07-21,Mobile,Postpaye,11
2025-07-21,Mobile,Data,18
2025-07-22,Internet Fixe,Rapido,5
2025-07-22,Internet Fixe,ADSL,3
2025-07-22,Internet Fixe,VDSL,6
2025-07-22,Internet Fixe,FO,4
2025-07-22,Internet Fixe,WAFI,6
2025-07-22,Internet Fixe,Box,21
2025-07-22,Mobile,Prepaye,28
2025-07-22,Mobile,Postpaye,16
2025-07-22,Mobile,Data,15
2025-07-23,Internet Fixe,Rapido,6
2025-07-23,Internet Fixe,ADSL,4
2025-07-23,Internet Fixe,VDSL,6
2025-07-23,Internet Fixe,FO,7
2025-07-23,Internet Fixe,WAFI,0
2025-07-23,Internet Fixe,Box,36
2025-07-23,Mobile,Prepaye,27
2025-07-23,Mobile,Postpaye,11
2025-07-23,Mobile,Data,20
2025-07-24,Internet Fixe,Rapido,4
2025-07-24,Internet Fixe,ADSL,0
2025-07-24,Internet Fixe,VDSL,8
2025-07-24,Internet Fixe,FO,15
2025-07-24,Internet Fixe,WAFI,6
2025-07-24,Internet Fixe,Box,21
2025-07-24,Mobile,Prepaye,35
2025-07-24,Mobile,Postpaye,21
2025-07-24,Mobile,Data,23
2025-07-25,Internet Fixe,Rapido,0
2025-07-25,Internet Fixe,ADSL,3
2025-07-25,Internet Fixe,VDSL,10
2025-07-25,Internet Fixe,FO,10
2025-07-25,Internet Fixe,WAFI,9
2025-07-25,Internet Fixe,Box,26
2025-07-25,Mobile,Prepaye,29
2025-07-25,Mobile,Postpaye,20
2025-07-25,Mobile,Data,13
2025-07-26,Internet Fixe,Rapido,1
2025-07-26,Internet Fixe,ADSL,0
2025-07-26,Internet Fixe,VDSL,3
2025-07-26,Internet Fixe,FO,5
2025-07-26,Internet Fixe,WAFI,0
2025-07-26,Internet Fixe,Box,9
2025-07-26,Mobile,Prepaye,12
2025-07-26,Mobile,Postpaye,4
2025-07-26,Mobile,Data,6
2025-07-27,Internet Fixe,Rapido,3
2025-07-27,Internet Fixe,ADSL,1
2025-07-27,Internet Fixe,VDSL,1
2025-07-27,Internet Fixe,FO,6
2025-07-27,Internet Fixe,WAFI,1
2025-07-27,Internet Fixe,Box,1
2025-07-27,Mobile,Prepaye,10
2025-07-27,Mobile,Postpaye,12
2025-07-27,Mobile,Data,6
2025-07-28,Internet Fixe,Rapido,4
2025-07-28,Internet Fixe,ADSL,1
2025-07-28,Internet Fixe,VDSL,6
2025-07-28,Internet Fixe,FO,8
2025-07-28,Internet Fixe,WAFI,2
2025-07-28,Internet Fixe,Box,22
2025-07-28,Mobile,Prepaye,35
2025-07-28,Mobile,Postpaye,15
2025-07-28,Mobile,Data,16
2025-07-29,Internet Fixe,Rapido,2
2025-07-29,Internet Fixe,ADSL,1
2025-07-29,Internet Fixe,VDSL,6
2025-07-29,Internet Fixe,FO,12
2025-07-29,Internet Fixe,WAFI,4
2025-07-29,Internet Fixe,Box,15
2025-07-29,Mobile,Prepaye,31
2025-07-29,Mobile,Postpaye,21
2025-07-29,Mobile,Data,9
2025-07-30,Internet Fixe,Rapido,6
2025-07-30,Internet Fixe,ADSL,3
2025-07-30,Internet Fixe,VDSL,9
2025-07-30,Internet Fixe,FO,11
2025-07-30,Internet Fixe,WAFI,5
2025-07-30,Internet Fixe,Box,17
2025-07-30,Mobile,Prepaye,28
2025-07-30,Mobile,Postpaye,6
2025-07-30,Mobile,Data,15
2025-07-31,Internet Fixe,Rapido,5
2025-07-31,Internet Fixe,ADSL,1
2025-07-31,Internet Fixe,VDSL,9
2025-07-31,Internet Fixe,FO,4
2025-07-31,Internet Fixe,WAFI,4
2025-07-31,Internet Fixe,Box,15
2025-07-31,Mobile,Prepaye,28
2025-07-31,Mobile,Postpaye,14
2025-07-31,Mobile,Data,13
2025-08-01,Internet Fixe,Rapido,6
2025-08-01,Internet Fixe,ADSL,3
2025-08-01,Internet Fixe,VDSL,4
2025-08-01,Internet Fixe,FO,13
2025-08-01,Internet Fixe,WAFI,2
2025-08-01,Internet Fixe,Box,17
2025-08-01,Mobile,Prepaye,26
2025-08-01,Mobile,Postpaye,9
2025-08-01,Mobile,Data,14
2025-08-02,Internet Fixe,Rapido,0
2025-08-02,Internet Fixe,ADSL,1
2025-08-02,Internet Fixe,VDSL,5
2025-08-02,Internet Fixe,FO,5
2025-08-02,Internet Fixe,WAFI,2
2025-08-02,Internet Fixe,Box,9
2025-08-02,Mobile,Prepaye,10
2025-08-02,Mobile,Postpaye,5
2025-08-02,Mobile,Data,12
2025-08-03,Internet Fixe,Rapido,3
2025-08-03,Internet Fixe,ADSL,1
2025-08-03,Internet Fixe,VDSL,1
2025-08-03,Internet Fixe,FO,3
2025-08-03,Internet Fixe,WAFI,0
2025-08-03,Internet Fixe,Box,12
2025-08-03,Mobile,Prepaye,15
2025-08-03,Mobile,Postpaye,7
2025-08-03,Mobile,Data,10
2025-08-04,Internet Fixe,Rapido,2
2025-08-04,Internet Fixe,ADSL,3
2025-08-04,Internet Fixe,VDSL,9
2025-08-04,Internet Fixe,FO,6
2025-08-04,Internet Fixe,WAFI,1
2025-08-04,Internet Fixe,Box,18
2025-08-04,Mobile,Prepaye,33
2025-08-04,Mobile,Postpaye,10
2025-08-04,Mobile,Data,12
2025-08-05,Internet Fixe,Rapido,6
2025-08-05,Internet Fixe,ADSL,2
2025-08-05,Internet Fixe,VDSL,5
2025-08-05,Internet Fixe,FO,7
2025-08-05,Internet Fixe,WAFI,2
2025-08-05,Internet Fixe,Box,28
2025-08-05,Mobile,Prepaye,28
2025-08-05,Mobile,Postpaye,10
2025-08-05,Mobile,Data,20
2025-08-06,Internet Fixe,Rapido,3
2025-08-06,Internet Fixe,ADSL,3
2025-08-06,Internet Fixe,VDSL,4
2025-08-06,Internet Fixe,FO,13
2025-08-06,Internet Fixe,WAFI,2
2025-08-06,Internet Fixe,Box,20
2025-08-06,Mobile,Prepaye,27
2025-08-06,Mobile,Postpaye,11
2025-08-06,Mobile,Data,14
2025-08-07,Internet Fixe,Rapido,4
2025-08-07,Internet Fixe,ADSL,1
2025-08-07,Internet Fixe,VDSL,6
2025-08-07,Internet Fixe,FO,6
2025-08-07,Internet Fixe,WAFI,2
2025-08-07,Internet Fixe,Box,29
2025-08-07,Mobile,Prepaye,26
2025-08-07,Mobile,Postpaye,10
2025-08-07,Mobile,Data,16
2025-08-08,Internet Fixe,Rapido,3
2025-08-08,Internet Fixe,ADSL,2
2025-08-08,Internet Fixe,VDSL,1
2025-08-08,Internet Fixe,FO,6
2025-08-08,Internet Fixe,WAFI,2
2025-08-08,Internet Fixe,Box,28
2025-08-08,Mobile,Prepaye,31
2025-08-08,Mobile,Postpaye,6
2025-08-08,Mobile,Data,16
2025-08-09,Internet Fixe,Rapido,1
2025-08-09,Internet Fixe,ADSL,1
2025-08-09,Internet Fixe,VDSL,1
2025-08-09,Internet Fixe,FO,5
2025-08-09,Internet Fixe,WAFI,0
2025-08-09,Internet Fixe,Box,11
2025-08-09,Mobile,Prepaye,17
2025-08-09,Mobile,Postpaye,7
2025-08-09,Mobile,Data,5
2025-08-10,Internet Fixe,Rapido,3
2025-08-10,Internet Fixe,ADSL,1
2025-08-10,Internet Fixe,VDSL,2
2025-08-10,Internet Fixe,FO,4
2025-08-10,Internet Fixe,WAFI,0
2025-08-10,Internet Fixe,Box,6
2025-08-10,Mobile,Prepaye,10
2025-08-10,Mobile,Postpaye,5
2025-08-10,Mobile,Data,0
2025-08-11,Internet Fixe,Rapido,1
2025-08-11,Internet Fixe,ADSL,3
2025-08-11,Internet Fixe,VDSL,8
2025-08-11,Internet Fixe,FO,6
2025-08-11,Internet Fixe,WAFI,8
2025-08-11,Internet Fixe,Box,23
2025-08-11,Mobile,Prepaye,25
2025-08-11,Mobile,Postpaye,16
2025-08-11,Mobile,Data,15
2025-08-12,Internet Fixe,Rapido,4
2025-08-12,Internet Fixe,ADSL,2
2025-08-12,Internet Fixe,VDSL,2
2025-08-12,Internet Fixe,FO,2
2025-08-12,Internet Fixe,WAFI,5
2025-08-12,Internet Fixe,Box,25
2025-08-12,Mobile,Prepaye,20
2025-08-12,Mobile,Postpaye,11
2025-08-12,Mobile,Data,12
2025-08-13,Internet Fixe,Rapido,1
2025-08-13,Internet Fixe,ADSL,2
2025-08-13,Internet Fixe,VDSL,4
2025-08-13,Internet Fixe,FO,12
2025-08-13,Internet Fixe,WAFI,5
2025-08-13,Internet Fixe,Box,26
2025-08-13,Mobile,Prepaye,24
2025-08-13,Mobile,Postpaye,12
2025-08-13,Mobile,Data,12
2025-08-14,Internet Fixe,Rapido,4
2025-08-14,Internet Fixe,ADSL,0
2025-08-14,Internet Fixe,VDSL,5
2025-08-14,Internet Fixe,FO,9
2025-08-14,Internet Fixe,WAFI,4
2025-08-14,Internet Fixe,Box,17
2025-08-14,Mobile,Prepaye,29
2025-08-14,Mobile,Postpaye,12
2025-08-14,Mobile,Data,14
2025-08-15,Internet Fixe,Rapido,5
2025-08-15,Internet Fixe,ADSL,4
2025-08-15,Internet Fixe,VDSL,6
2025-08-15,Internet Fixe,FO,4
2025-08-15,Internet Fixe,WAFI,3
2025-08-15,Internet Fixe,Box,32
2025-08-15,Mobile,Prepaye,37
2025-08-15,Mobile,Postpaye,10
2025-08-15,Mobile,Data,16
2025-08-16,Internet Fixe,Rapido,4
2025-08-16,Internet Fixe,ADSL,1
2025-08-16,Internet Fixe,VDSL,2
2025-08-16,Internet Fixe,FO,3
2025-08-16,Internet Fixe,WAFI,3
2025-08-16,Internet Fixe,Box,10
2025-08-16,Mobile,Prepaye,9
2025-08-16,Mobile,Postpaye,2
2025-08-16,Mobile,Data,8
2025-08-17,Internet Fixe,Rapido,0
2025-08-17,Internet Fixe,ADSL,2
2025-08-17,Internet Fixe,VDSL,1
2025-08-17,Internet Fixe,FO,3
2025-08-17,Internet Fixe,WAFI,2
2025-08-17,Internet Fixe,Box,11
2025-08-17,Mobile,Prepaye,10
2025-08-17,Mobile,Postpaye,5
2025-08-17,Mobile,Data,3
2025-08-18,Internet Fixe,Rapido,3
2025-08-18,Internet Fixe,ADSL,1
2025-08-18,Internet Fixe,VDSL,7
2025-08-18,Internet Fixe,FO,3
2025-08-18,Internet Fixe,WAFI,4
2025-08-18,Internet Fixe,Box,17
2025-08-18,Mobile,Prepaye,28
2025-08-18,Mobile,Postpaye,9
2025-08-18,Mobile,Data,14
2025-08-19,Internet Fixe,Rapido,3
2025-08-19,Internet Fixe,ADSL,2
2025-08-19,Internet Fixe,VDSL,7
2025-08-19,Internet Fixe,FO,8
2025-08-19,Internet Fixe,WAFI,1
2025-08-19,Internet Fixe,Box,20
2025-08-19,Mobile,Prepaye,33
2025-08-19,Mobile,Postpaye,11
2025-08-19,Mobile,Data,21
2025-08-20,Internet Fixe,Rapido,2
2025-08-20,Internet Fixe,ADSL,2
2025-08-20,Internet Fixe,VDSL,3
2025-08-20,Internet Fixe,FO,12
2025-08-20,Internet Fixe,WAFI,5
2025-08-20,Internet Fixe,Box,19
2025-08-20,Mobile,Prepaye,26
2025-08-20,Mobile,Postpaye,7
2025-08-20,Mobile,Data,20
2025-08-21,Internet Fixe,Rapido,5
2025-08-21,Internet Fixe,ADSL,3
2025-08-21,Internet Fixe,VDSL,4
2025-08-21,Internet Fixe,FO,13
2025-08-21,Internet Fixe,WAFI,3
2025-08-21,Internet Fixe,Box,20
2025-08-21,Mobile,Prepaye,33
2025-08-21,Mobile,Postpaye,10
2025-08-21,Mobile,Data,17
2025-08-22,Internet Fixe,Rapido,9
2025-08-22,Internet Fixe,ADSL,2
2025-08-22,Internet Fixe,VDSL,3
2025-08-22,Internet Fixe,FO,6
2025-08-22,Internet Fixe,WAFI,3
2025-08-22,Internet Fixe,Box,17
2025-08-22,Mobile,Prepaye,29
2025-08-22,Mobile,Postpaye,9
2025-08-22,Mobile,Data,16
2025-08-23,Internet Fixe,Rapido,4
2025-08-23,Internet Fixe,ADSL,1
2025-08-23,Internet Fixe,VDSL,5
2025-08-23,Internet Fixe,FO,2
2025-08-23,Internet Fixe,WAFI,2
2025-08-23,Internet Fixe,Box,14
2025-08-23,Mobile,Prepaye,16
2025-08-23,Mobile,Postpaye,4
2025-08-23,Mobile,Data,7
2025-08-24,Internet Fixe,Rapido,2
2025-08-24,Internet Fixe,ADSL,2
2025-08-24,Internet Fixe,VDSL,1
2025-08-24,Internet Fixe,FO,4
2025-08-24,Internet Fixe,WAFI,1
2025-08-24,Internet Fixe,Box,9
2025-08-24,Mobile,Prepaye,10
2025-08-24,Mobile,Postpaye,4
2025-08-24,Mobile,Data,6
2025-08-25,Internet Fixe,Rapido,3
2025-08-25,Internet Fixe,ADSL,0
2025-08-25,Internet Fixe,VDSL,4
2025-08-25,Internet Fixe,FO,5
2025-08-25,Internet Fixe,WAFI,4
2025-08-25,Internet Fixe,Box,12
2025-08-25,Mobile,Prepaye,31
2025-08-25,Mobile,Postpaye,11
2025-08-25,Mobile,Data,16
2025-08-26,Internet Fixe,Rapido,4
2025-08-26,Internet Fixe,ADSL,1
2025-08-26,Internet Fixe,VDSL,10
2025-08-26,Internet Fixe,FO,8
2025-08-26,Internet Fixe,WAFI,0
2025-08-26,Internet Fixe,Box,25
2025-08-26,Mobile,Prepaye,19
2025-08-26,Mobile,Postpaye,6
2025-08-26,Mobile,Data,14
2025-08-27,Internet Fixe,Rapido,2
2025-08-27,Internet Fixe,ADSL,3
2025-08-27,Internet Fixe,VDSL,4
2025-08-27,Internet Fixe,FO,10
2025-08-27,Internet Fixe,WAFI,3
2025-08-27,Internet Fixe,Box,21
2025-08-27,Mobile,Prepaye,31
2025-08-27,Mobile,Postpaye,15
2025-08-27,Mobile,Data,12
2025-08-28,Internet Fixe,Rapido,3
2025-08-28,Internet Fixe,ADSL,2
2025-08-28,Internet Fixe,VDSL,7
2025-08-28,Internet Fixe,FO,10
2025-08-28,Internet Fixe,WAFI,4
2025-08-28,Internet Fixe,Box,24
2025-08-28,Mobile,Prepaye,25
2025-08-28,Mobile,Postpaye,10
2025-08-28,Mobile,Data,22
2025-08-29,Internet Fixe,Rapido,2
2025-08-29,Internet Fixe,ADSL,3
2025-08-29,Internet Fixe,VDSL,6
2025-08-29,Internet Fixe,FO,4
2025-08-29,Internet Fixe,WAFI,6
2025-08-29,Internet Fixe,Box,13
2025-08-29,Mobile,Prepaye,28
2025-08-29,Mobile,Postpaye,10
2025-08-29,Mobile,Data,18
2025-08-30,Internet Fixe,Rapido,1
2025-08-30,Internet Fixe,ADSL,0
2025-08-30,Internet Fixe,VDSL,1
2025-08-30,Internet Fixe,FO,6
2025-08-30,Internet Fixe,WAFI,2
2025-08-30,Internet Fixe,Box,10
2025-08-30,Mobile,Prepaye,12
2025-08-30,Mobile,Postpaye,5
2025-08-30,Mobile,Data,9
2025-08-31,Internet Fixe,Rapido,1
2025-08-31,Internet Fixe,ADSL,0
2025-08-31,Internet Fixe,VDSL,2
2025-08-31,Internet Fixe,FO,2
2025-08-31,Internet Fixe,WAFI,1
2025-08-31,Internet Fixe,Box,8
2025-08-31,Mobile,Prepaye,7
2025-08-31,Mobile,Postpaye,11
2025-08-31,Mobile,Data,7
2025-09-01,Internet Fixe,Rapido,4
2025-09-01,Internet Fixe,ADSL,3
2025-09-01,Internet Fixe,VDSL,6
2025-09-01,Internet Fixe,FO,11
2025-09-01,Internet Fixe,WAFI,5
2025-09-01,Internet Fixe,Box,21
2025-09-01,Mobile,Prepaye,31
2025-09-01,Mobile,Postpaye,10
2025-09-01,Mobile,Data,10
2025-09-02,Internet Fixe,Rapido,4
2025-09-02,Internet Fixe,ADSL,1
2025-09-02,Internet Fixe,VDSL,3
2025-09-02,Internet Fixe,FO,8
2025-09-02,Internet Fixe,WAFI,0
2025-09-02,Internet Fixe,Box,13
2025-09-02,Mobile,Prepaye,19
2025-09-02,Mobile,Postpaye,11
2025-09-02,Mobile,Data,17
2025-09-03,Internet Fixe,Rapido,2
2025-09-03,Internet Fixe,ADSL,5
2025-09-03,Internet Fixe,VDSL,10
2025-09-03,Internet Fixe,FO,8
2025-09-03,Internet Fixe,WAFI,2
2025-09-03,Internet Fixe,Box,12
2025-09-03,Mobile,Prepaye,17
2025-09-03,Mobile,Postpaye,8
2025-09-03,Mobile,Data,15
2025-09-04,Internet Fixe,Rapido,8
2025-09-04,Internet Fixe,ADSL,7
2025-09-04,Internet Fixe,VDSL,2
2025-09-04,Internet Fixe,FO,9
2025-09-04,Internet Fixe,WAFI,6
2025-09-04,Internet Fixe,Box,16
2025-09-04,Mobile,Prepaye,24
2025-09-04,Mobile,Postpaye,14
2025-09-04,Mobile,Data,26
2025-09-05,Internet Fixe,Rapido,3
2025-09-05,Internet Fixe,ADSL,3
2025-09-05,Internet Fixe,VDSL,9
2025-09-05,Internet Fixe,FO,17
2025-09-05,Internet Fixe,WAFI,4
2025-09-05,Internet Fixe,Box,18
2025-09-05,Mobile,Prepaye,36
2025-09-05,Mobile,Postpaye,8
2025-09-05,Mobile,Data,14
2025-09-06,Internet Fixe,Rapido,2
2025-09-06,Internet Fixe,ADSL,1
2025-09-06,Internet Fixe,VDSL,2
2025-09-06,Internet Fixe,FO,3
2025-09-06,Internet Fixe,WAFI,0
2025-09-06,Internet Fixe,Box,8
2025-09-06,Mobile,Prepaye,9
2025-09-06,Mobile,Postpaye,5
2025-09-06,Mobile,Data,5
2025-09-07,Internet Fixe,Rapido,0
2025-09-07,Internet Fixe,ADSL,0
2025-09-07,Internet Fixe,VDSL,1
2025-09-07,Internet Fixe,FO,5
2025-09-07,Internet Fixe,WAFI,2
2025-09-07,Internet Fixe,Box,5
2025-09-07,Mobile,Prepaye,15
2025-09-07,Mobile,Postpaye,5
2025-09-07,Mobile,Data,6
2025-09-08,Internet Fixe,Rapido,3
2025-09-08,Internet Fixe,ADSL,3
2025-09-08,Internet Fixe,VDSL,4
2025-09-08,Internet Fixe,FO,7
2025-09-08,Internet Fixe,WAFI,5
2025-09-08,Internet Fixe,Box,17
2025-09-08,Mobile,Prepaye,33
2025-09-08,Mobile,Postpaye,9
2025-09-08,Mobile,Data,12
2025-09-09,Internet Fixe,Rapido,8
2025-09-09,Internet Fixe,ADSL,5
2025-09-09,Internet Fixe,VDSL,4
2025-09-09,Internet Fixe,FO,8
2025-09-09,Internet Fixe,WAFI,2
2025-09-09,Internet Fixe,Box,11
2025-09-09,Mobile,Prepaye,28
2025-09-09,Mobile,Postpaye,10
2025-09-09,Mobile,Data,14
2025-09-10,Internet Fixe,Rapido,6
2025-09-10,Internet Fixe,ADSL,0
2025-09-10,Internet Fixe,VDSL,4
2025-09-10,Internet Fixe,FO,7
2025-09-10,Internet Fixe,WAFI,2
2025-09-10,Internet Fixe,Box,18
2025-09-10,Mobile,Prepaye,29
2025-09-10,Mobile,Postpaye,14
2025-09-10,Mobile,Data,15
2025-09-11,Internet Fixe,Rapido,3
2025-09-11,Internet Fixe,ADSL,1
2025-09-11,Internet Fixe,VDSL,6
2025-09-11,Internet Fixe,FO,6
2025-09-11,Internet Fixe,WAFI,3
2025-09-11,Internet Fixe,Box,15
2025-09-11,Mobile,Prepaye,26
2025-09-11,Mobile,Postpaye,8
2025-09-11,Mobile,Data,18
2025-09-12,Internet Fixe,Rapido,1
2025-09-12,Internet Fixe,ADSL,2
2025-09-12,Internet Fixe,VDSL,3
2025-09-12,Internet Fixe,FO,8
2025-09-12,Internet Fixe,WAFI,1
2025-09-12,Internet Fixe,Box,24
2025-09-12,Mobile,Prepaye,28
2025-09-12,Mobile,Postpaye,11
2025-09-12,Mobile,Data,15
2025-09-13,Internet Fixe,Rapido,3
2025-09-13,Internet Fixe,ADSL,0
2025-09-13,Internet Fixe,VDSL,7
2025-09-13,Internet Fixe,FO,2
2025-09-13,Internet Fixe,WAFI,1
2025-09-13,Internet Fixe,Box,5
2025-09-13,Mobile,Prepaye,9
2025-09-13,Mobile,Postpaye,5
2025-09-13,Mobile,Data,7
2025-09-14,Internet Fixe,Rapido,2
2025-09-14,Internet Fixe,ADSL,0
2025-09-14,Internet Fixe,VDSL,2
2025-09-14,Internet Fixe,FO,3
2025-09-14,Internet Fixe,WAFI,1
2025-09-14,Internet Fixe,Box,10
2025-09-14,Mobile,Prepaye,18
2025-09-14,Mobile,Postpaye,7
2025-09-14,Mobile,Data,8
2025-09-15,Internet Fixe,Rapido,2
2025-09-15,Internet Fixe,ADSL,2
2025-09-15,Internet Fixe,VDSL,6
2025-09-15,Internet Fixe,FO,9
2025-09-15,Internet Fixe,WAFI,4
2025-09-15,Internet Fixe,Box,21
2025-09-15,Mobile,Prepaye,36
2025-09-15,Mobile,Postpaye,13
2025-09-15,Mobile,Data,8
2025-09-16,Internet Fixe,Rapido,5
2025-09-16,Internet Fixe,ADSL,0
2025-09-16,Internet Fixe,VDSL,7
2025-09-16,Internet Fixe,FO,3
2025-09-16,Internet Fixe,WAFI,3
2025-09-16,Internet Fixe,Box,26
2025-09-16,Mobile,Prepaye,30
2025-09-16,Mobile,Postpaye,13
2025-09-16,Mobile,Data,19
2025-09-17,Internet Fixe,Rapido,1
2025-09-17,Internet Fixe,ADSL,1
2025-09-17,Internet Fixe,VDSL,3
2025-09-17,Internet Fixe,FO,9
2025-09-17,Internet Fixe,WAFI,3
2025-09-17,Internet Fixe,Box,22
2025-09-17,Mobile,Prepaye,32
2025-09-17,Mobile,Postpaye,10
2025-09-17,Mobile,Data,21
2025-09-18,Internet Fixe,Rapido,6
2025-09-18,Internet Fixe,ADSL,4
2025-09-18,Internet Fixe,VDSL,3
2025-09-18,Internet Fixe,FO,5
2025-09-18,Internet Fixe,WAFI,2
2025-09-18,Internet Fixe,Box,18
2025-09-18,Mobile,Prepaye,26
2025-09-18,Mobile,Postpaye,12
2025-09-18,Mobile,Data,11
2025-09-19,Internet Fixe,Rapido,3
2025-09-19,Internet Fixe,ADSL,4
2025-09-19,Internet Fixe,VDSL,7
2025-09-19,Internet Fixe,FO,7
2025-09-19,Internet Fixe,WAFI,1
2025-09-19,Internet Fixe,Box,21
2025-09-19,Mobile,Prepaye,19
2025-09-19,Mobile,Postpaye,15
2025-09-19,Mobile,Data,15
2025-09-20,Internet Fixe,Rapido,0
2025-09-20,Internet Fixe,ADSL,1
2025-09-20,Internet Fixe,VDSL,1
2025-09-20,Internet Fixe,FO,3
2025-09-20,Internet Fixe,WAFI,0
2025-09-20,Internet Fixe,Box,8
2025-09-20,Mobile,Prepaye,12
2025-09-20,Mobile,Postpaye,5
2025-09-20,Mobile,Data,5
2025-09-21,Internet Fixe,Rapido,2
2025-09-21,Internet Fixe,ADSL,1
2025-09-21,Internet Fixe,VDSL,1
2025-09-21,Internet Fixe,FO,6
2025-09-21,Internet Fixe,WAFI,1
2025-09-21,Internet Fixe,Box,12
2025-09-21,Mobile,Prepaye,10
2025-09-21,Mobile,Postpaye,2
2025-09-21,Mobile,Data,9
2025-09-22,Internet Fixe,Rapido,9
2025-09-22,Internet Fixe,ADSL,3
2025-09-22,Internet Fixe,VDSL,5
2025-09-22,Internet Fixe,FO,6
2025-09-22,Internet Fixe,WAFI,1
2025-09-22,Internet Fixe,Box,26
2025-09-22,Mobile,Prepaye,33
2025-09-22,Mobile,Postpaye,16
2025-09-22,Mobile,Data,18
2025-09-23,Internet Fixe,Rapido,2
2025-09-23,Internet Fixe,ADSL,3
2025-09-23,Internet Fixe,VDSL,3
2025-09-23,Internet Fixe,FO,7
2025-09-23,Internet Fixe,WAFI,3
2025-09-23,Internet Fixe,Box,20
2025-09-23,Mobile,Prepaye,32
2025-09-23,Mobile,Postpaye,6
2025-09-23,Mobile,Data,16
2025-09-24,Internet Fixe,Rapido,5
2025-09-24,Internet Fixe,ADSL,3
2025-09-24,Internet Fixe,VDSL,2
2025-09-24,Internet Fixe,FO,8
2025-09-24,Internet Fixe,WAFI,2
2025-09-24,Internet Fixe,Box,26
2025-09-24,Mobile,Prepaye,27
2025-09-24,Mobile,Postpaye,8
2025-09-24,Mobile,Data,18
2025-09-25,Internet Fixe,Rapido,6
2025-09-25,Internet Fixe,ADSL,3
2025-09-25,Internet Fixe,VDSL,7
2025-09-25,Internet Fixe,FO,4
2025-09-25,Internet Fixe,WAFI,9
2025-09-25,Internet Fixe,Box,23
2025-09-25,Mobile,Prepaye,20
2025-09-25,Mobile,Postpaye,16
2025-09-25,Mobile,Data,11
2025-09-26,Internet Fixe,Rapido,4
2025-09-26,Internet Fixe,ADSL,4
2025-09-26,Internet Fixe,VDSL,3
2025-09-26,Internet Fixe,FO,6
2025-09-26,Internet Fixe,WAFI,8
2025-09-26,Internet Fixe,Box,21
2025-09-26,Mobile,Prepaye,20
2025-09-26,Mobile,Postpaye,17
2025-09-26,Mobile,Data,17
2025-09-27,Internet Fixe,Rapido,3
2025-09-27,Internet Fixe,ADSL,0
2025-09-27,Internet Fixe,VDSL,7
2025-09-27,Internet Fixe,FO,5
2025-09-27,Internet Fixe,WAFI,0
2025-09-27,Internet Fixe,Box,7
2025-09-27,Mobile,Prepaye,15
2025-09-27,Mobile,Postpaye,5
2025-09-27,Mobile,Data,11
2025-09-28,Internet Fixe,Rapido,0
2025-09-28,Internet Fixe,ADSL,0
2025-09-28,Internet Fixe,VDSL,0
2025-09-28,Internet Fixe,FO,4
2025-09-28,Internet Fixe,WAFI,2
2025-09-28,Internet Fixe,Box,11
2025-09-28,Mobile,Prepaye,12
2025-09-28,Mobile,Postpaye,7
2025-09-28,Mobile,Data,15
2025-09-29,Internet Fixe,Rapido,4
2025-09-29,Internet Fixe,ADSL,2
2025-09-29,Internet Fixe,VDSL,5
2025-09-29,Internet Fixe,FO,5
2025-09-29,Internet Fixe,WAFI,3
2025-09-29,Internet Fixe,Box,21
2025-09-29,Mobile,Prepaye,25
2025-09-29,Mobile,Postpaye,11
2025-09-29,Mobile,Data,11
2025-09-30,Internet Fixe,Rapido,5
2025-09-30,Internet Fixe,ADSL,1
2025-09-30,Internet Fixe,VDSL,1
2025-09-30,Internet Fixe,FO,10
2025-09-30,Internet Fixe,WAFI,2
2025-09-30,Internet Fixe,Box,19
2025-09-30,Mobile,Prepaye,15
2025-09-30,Mobile,Postpaye,2
2025-09-30,Mobile,Data,11
2025-10-01,Internet Fixe,Rapido,0
2025-10-01,Internet Fixe,ADSL,3
2025-10-01,Internet Fixe,VDSL,2
2025-10-01,Internet Fixe,FO,9
2025-10-01,Internet Fixe,WAFI,4
2025-10-01,Internet Fixe,Box,24
2025-10-01,Mobile,Prepaye,29
2025-10-01,Mobile,Postpaye,7
2025-10-01,Mobile,Data,12
2025-10-02,Internet Fixe,Rapido,4
2025-10-02,Internet Fixe,ADSL,0
2025-10-02,Internet Fixe,VDSL,5
2025-10-02,Internet Fixe,FO,8
2025-10-02,Internet Fixe,WAFI,2
2025-10-02,Internet Fixe,Box,11
2025-10-02,Mobile,Prepaye,25
2025-10-02,Mobile,Postpaye,6
2025-10-02,Mobile,Data,16
2025-10-03,Internet Fixe,Rapido,5
2025-10-03,Internet Fixe,ADSL,1
2025-10-03,Internet Fixe,VDSL,4
2025-10-03,Internet Fixe,FO,7
2025-10-03,Internet Fixe,WAFI,6
2025-10-03,Internet Fixe,Box,18
2025-10-03,Mobile,Prepaye,27
2025-10-03,Mobile,Postpaye,11
2025-10-03,Mobile,Data,19
2025-10-04,Internet Fixe,Rapido,2
2025-10-04,Internet Fixe,ADSL,0
2025-10-04,Internet Fixe,VDSL,5
2025-10-04,Internet Fixe,FO,8
2025-10-04,Internet Fixe,WAFI,4
2025-10-04,Internet Fixe,Box,4
2025-10-04,Mobile,Prepaye,14
2025-10-04,Mobile,Postpaye,2
2025-10-04,Mobile,Data,4
2025-10-05,Internet Fixe,Rapido,5
2025-10-05,Internet Fixe,ADSL,1
2025-10-05,Internet Fixe,VDSL,3
2025-10-05,Internet Fixe,FO,5
2025-10-05,Internet Fixe,WAFI,2
2025-10-05,Internet Fixe,Box,5
2025-10-05,Mobile,Prepaye,10
2025-10-05,Mobile,Postpaye,9
2025-10-05,Mobile,Data,5
2025-10-06,Internet Fixe,Rapido,5
2025-10-06,Internet Fixe,ADSL,2
2025-10-06,Internet Fixe,VDSL,9
2025-10-06,Internet Fixe,FO,9
2025-10-06,Internet Fixe,WAFI,1
2025-10-06,Internet Fixe,Box,13
2025-10-06,Mobile,Prepaye,30
2025-10-06,Mobile,Postpaye,8
2025-10-06,Mobile,Data,16
2025-10-07,Internet Fixe,Rapido,6
2025-10-07,Internet Fixe,ADSL,2
2025-10-07,Internet Fixe,VDSL,4
2025-10-07,Internet Fixe,FO,6
2025-10-07,Internet Fixe,WAFI,1
2025-10-07,Internet Fixe,Box,18
2025-10-07,Mobile,Prepaye,35
2025-10-07,Mobile,Postpaye,10
2025-10-07,Mobile,Data,11
2025-10-08,Internet Fixe,Rapido,3
2025-10-08,Internet Fixe,ADSL,1
2025-10-08,Internet Fixe,VDSL,4
2025-10-08,Internet Fixe,FO,9
2025-10-08,Internet Fixe,WAFI,7
2025-10-08,Internet Fixe,Box,22
2025-10-08,Mobile,Prepaye,34
2025-10-08,Mobile,Postpaye,13
2025-10-08,Mobile,Data,14
2025-10-09,Internet Fixe,Rapido,9
2025-10-09,Internet Fixe,ADSL,2
2025-10-09,Internet Fixe,VDSL,3
2025-10-09,Internet Fixe,FO,7
2025-10-09,Internet Fixe,WAFI,5
2025-10-09,Internet Fixe,Box,13
2025-10-09,Mobile,Prepaye,29
2025-10-09,Mobile,Postpaye,8
2025-10-09,Mobile,Data,17
2025-10-10,Internet Fixe,Rapido,6
2025-10-10,Internet Fixe,ADSL,2
2025-10-10,Internet Fixe,VDSL,8
2025-10-10,Internet Fixe,FO,6
2025-10-10,Internet Fixe,WAFI,5
2025-10-10,Internet Fixe,Box,13
2025-10-10,Mobile,Prepaye,35
2025-10-10,Mobile,Postpaye,13
2025-10-10,Mobile,Data,14
2025-10-11,Internet Fixe,Rapido,3
2025-10-11,Internet Fixe,ADSL,1
2025-10-11,Internet Fixe,VDSL,7
2025-10-11,Internet Fixe,FO,4
2025-10-11,Internet Fixe,WAFI,2
2025-10-11,Internet Fixe,Box,9
2025-10-11,Mobile,Prepaye,6
2025-10-11,Mobile,Postpaye,7
2025-10-11,Mobile,Data,3
2025-10-12,Internet Fixe,Rapido,1
2025-10-12,Internet Fixe,ADSL,0
2025-10-12,Internet Fixe,VDSL,3
2025-10-12,Internet Fixe,FO,6
2025-10-12,Internet Fixe,WAFI,0
2025-10-12,Internet Fixe,Box,9
2025-10-12,Mobile,Prepaye,13
2025-10-12,Mobile,Postpaye,1
2025-10-12,Mobile,Data,10
2025-10-13,Internet Fixe,Rapido,3
2025-10-13,Internet Fixe,ADSL,6
2025-10-13,Internet Fixe,VDSL,8
2025-10-13,Internet Fixe,FO,6
2025-10-13,Internet Fixe,WAFI,2
2025-10-13,Internet Fixe,Box,22
2025-10-13,Mobile,Prepaye,21
2025-10-13,Mobile,Postpaye,13
2025-10-13,Mobile,Data,12
2025-10-14,Internet Fixe,Rapido,6
2025-10-14,Internet Fixe,ADSL,1
2025-10-14,Internet Fixe,VDSL,0
2025-10-14,Internet Fixe,FO,6
2025-10-14,Internet Fixe,WAFI,4
2025-10-14,Internet Fixe,Box,16
2025-10-14,Mobile,Prepaye,38
2025-10-14,Mobile,Postpaye,8
2025-10-14,Mobile,Data,21
2025-10-15,Internet Fixe,Rapido,3
2025-10-15,Internet Fixe,ADSL,2
2025-10-15,Internet Fixe,VDSL,3
2025-10-15,Internet Fixe,FO,9
2025-10-15,Internet Fixe,WAFI,5
2025-10-15,Internet Fixe,Box,24
2025-10-15,Mobile,Prepaye,23
2025-10-15,Mobile,Postpaye,10
2025-10-15,Mobile,Data,11
2025-10-16,Internet Fixe,Rapido,4
2025-10-16,Internet Fixe,ADSL,1
2025-10-16,Internet Fixe,VDSL,6
2025-10-16,Internet Fixe,FO,4
2025-10-16,Internet Fixe,WAFI,3
2025-10-16,Internet Fixe,Box,25
2025-10-16,Mobile,Prepaye,21
2025-10-16,Mobile,Postpaye,7
2025-10-16,Mobile,Data,18
2025-10-17,Internet Fixe,Rapido,6
2025-10-17,Internet Fixe,ADSL,3
2025-10-17,Internet Fixe,VDSL,2
2025-10-17,Internet Fixe,FO,9
2025-10-17,Internet Fixe,WAFI,2
2025-10-17,Internet Fixe,Box,13
2025-10-17,Mobile,Prepaye,19
2025-10-17,Mobile,Postpaye,7
2025-10-17,Mobile,Data,12
2025-10-18,Internet Fixe,Rapido,3
2025-10-18,Internet Fixe,ADSL,0
2025-10-18,Internet Fixe,VDSL,1
2025-10-18,Internet Fixe,FO,6
2025-10-18,Internet Fixe,WAFI,2
2025-10-18,Internet Fixe,Box,12
2025-10-18,Mobile,Prepaye,9
2025-10-18,Mobile,Postpaye,5
2025-10-18,Mobile,Data,9
2025-10-19,Internet Fixe,Rapido,1
2025-10-19,Internet Fixe,ADSL,1
2025-10-19,Internet Fixe,VDSL,4
2025-10-19,Internet Fixe,FO,4
2025-10-19,Internet Fixe,WAFI,4
2025-10-19,Internet Fixe,Box,6
2025-10-19,Mobile,Prepaye,8
2025-10-19,Mobile,Postpaye,5
2025-10-19,Mobile,Data,9
2025-10-20,Internet Fixe,Rapido,2
2025-10-20,Internet Fixe,ADSL,1
2025-10-20,Internet Fixe,VDSL,4
2025-10-20,Internet Fixe,FO,13
2025-10-20,Internet Fixe,WAFI,6
2025-10-20,Internet Fixe,Box,22
2025-10-20,Mobile,Prepaye,20
2025-10-20,Mobile,Postpaye,7
2025-10-20,Mobile,Data,12
2025-10-21,Internet Fixe,Rapido,5
2025-10-21,Internet Fixe,ADSL,0
2025-10-21,Internet Fixe,VDSL,2
2025-10-21,Internet Fixe,FO,8
2025-10-21,Internet Fixe,WAFI,1
2025-10-21,Internet Fixe,Box,18
2025-10-21,Mobile,Prepaye,31
2025-10-21,Mobile,Postpaye,6
2025-10-21,Mobile,Data,14
2025-10-22,Internet Fixe,Rapido,3
2025-10-22,Internet Fixe,ADSL,6
2025-10-22,Internet Fixe,VDSL,9
2025-10-22,Internet Fixe,FO,5
2025-10-22,Internet Fixe,WAFI,1
2025-10-22,Internet Fixe,Box,25
2025-10-22,Mobile,Prepaye,24
2025-10-22,Mobile,Postpaye,8
2025-10-22,Mobile,Data,19
2025-10-23,Internet Fixe,Rapido,4
2025-10-23,Internet Fixe,ADSL,2
2025-10-23,Internet Fixe,VDSL,2
2025-10-23,Internet Fixe,FO,17
2025-10-23,Internet Fixe,WAFI,9
2025-10-23,Internet Fixe,Box,21
2025-10-23,Mobile,Prepaye,32
2025-10-23,Mobile,Postpaye,10
2025-10-23,Mobile,Data,17
2025-10-24,Internet Fixe,Rapido,6
2025-10-24,Internet Fixe,ADSL,1
2025-10-24,Internet Fixe,VDSL,1
2025-10-24,Internet Fixe,FO,14
2025-10-24,Internet Fixe,WAFI,0
2025-10-24,Internet Fixe,Box,20
2025-10-24,Mobile,Prepaye,15
2025-10-24,Mobile,Postpaye,12
2025-10-24,Mobile,Data,8
2025-10-25,Internet Fixe,Rapido,3
2025-10-25,Internet Fixe,ADSL,3
2025-10-25,Internet Fixe,VDSL,0
2025-10-25,Internet Fixe,FO,4
2025-10-25,Internet Fixe,WAFI,2
2025-10-25,Internet Fixe,Box,8
2025-10-25,Mobile,Prepaye,20
2025-10-25,Mobile,Postpaye,9
2025-10-25,Mobile,Data,2
2025-10-26,Internet Fixe,Rapido,2
2025-10-26,Internet Fixe,ADSL,0
2025-10-26,Internet Fixe,VDSL,0
2025-10-26,Internet Fixe,FO,8
2025-10-26,Internet Fixe,WAFI,2
2025-10-26,Internet Fixe,Box,10
2025-10-26,Mobile,Prepaye,17
2025-10-26,Mobile,Postpaye,8
2025-10-26,Mobile,Data,7
2025-10-27,Internet Fixe,Rapido,2
2025-10-27,Internet Fixe,ADSL,3
2025-10-27,Internet Fixe,VDSL,6
2025-10-27,Internet Fixe,FO,14
2025-10-27,Internet Fixe,WAFI,3
2025-10-27,Internet Fixe,Box,16
2025-10-27,Mobile,Prepaye,24
2025-10-27,Mobile,Postpaye,9
2025-10-27,Mobile,Data,14
2025-10-28,Internet Fixe,Rapido,5
2025-10-28,Internet Fixe,ADSL,2
2025-10-28,Internet Fixe,VDSL,4
2025-10-28,Internet Fixe,FO,11
2025-10-28,Internet Fixe,WAFI,0
2025-10-28,Internet Fixe,Box,23
2025-10-28,Mobile,Prepaye,29
2025-10-28,Mobile,Postpaye,9
2025-10-28,Mobile,Data,18
2025-10-29,Internet Fixe,Rapido,2
2025-10-29,Internet Fixe,ADSL,4
2025-10-29,Internet Fixe,VDSL,5
2025-10-29,Internet Fixe,FO,7
2025-10-29,Internet Fixe,WAFI,6
2025-10-29,Internet Fixe,Box,13
2025-10-29,Mobile,Prepaye,20
2025-10-29,Mobile,Postpaye,12
2025-10-29,Mobile,Data,13
2025-10-30,Internet Fixe,Rapido,9
2025-10-30,Internet Fixe,ADSL,2
2025-10-30,Internet Fixe,VDSL,3
2025-10-30,Internet Fixe,FO,9
2025-10-30,Internet Fixe,WAFI,5
2025-10-30,Internet Fixe,Box,18
2025-10-30,Mobile,Prepaye,29
2025-10-30,Mobile,Postpaye,8
2025-10-30,Mobile,Data,18
2025-10-31,Internet Fixe,Rapido,4
2025-10-31,Internet Fixe,ADSL,0
2025-10-31,Internet Fixe,VDSL,9
2025-10-31,Internet Fixe,FO,6
2025-10-31,Internet Fixe,WAFI,3
2025-10-31,Internet Fixe,Box,18
2025-10-31,Mobile,Prepaye,24
2025-10-31,Mobile,Postpaye,11
2025-10-31,Mobile,Data,25
2025-11-01,Internet Fixe,Rapido,2
2025-11-01,Internet Fixe,ADSL,2
2025-11-01,Internet Fixe,VDSL,3
2025-11-01,Internet Fixe,FO,2
2025-11-01,Internet Fixe,WAFI,2
2025-11-01,Internet Fixe,Box,8
2025-11-01,Mobile,Prepaye,16
2025-11-01,Mobile,Postpaye,7
2025-11-01,Mobile,Data,8
2025-11-02,Internet Fixe,Rapido,1
2025-11-02,Internet Fixe,ADSL,1
2025-11-02,Internet Fixe,VDSL,1
2025-11-02,Internet Fixe,FO,4
2025-11-02,Internet Fixe,WAFI,1
2025-11-02,Internet Fixe,Box,9
2025-11-02,Mobile,Prepaye,4
2025-11-02,Mobile,Postpaye,3
2025-11-02,Mobile,Data,4
2025-11-03,Internet Fixe,Rapido,4
2025-11-03,Internet Fixe,ADSL,0
2025-11-03,Internet Fixe,VDSL,4
2025-11-03,Internet Fixe,FO,11
2025-11-03,Internet Fixe,WAFI,1
2025-11-03,Internet Fixe,Box,12
2025-11-03,Mobile,Prepaye,34
2025-11-03,Mobile,Postpaye,10
2025-11-03,Mobile,Data,14
2025-11-04,Internet Fixe,Rapido,5
2025-11-04,Internet Fixe,ADSL,2
2025-11-04,Internet Fixe,VDSL,4
2025-11-04,Internet Fixe,FO,14
2025-11-04,Internet Fixe,WAFI,5
2025-11-04,Internet Fixe,Box,17
2025-11-04,Mobile,Prepaye,19
2025-11-04,Mobile,Postpaye,9
2025-11-04,Mobile,Data,15
2025-11-05,Internet Fixe,Rapido,2
2025-11-05,Internet Fixe,ADSL,4
2025-11-05,Internet Fixe,VDSL,5
2025-11-05,Internet Fixe,FO,11
2025-11-05,Internet Fixe,WAFI,1
2025-11-05,Internet Fixe,Box,19
2025-11-05,Mobile,Prepaye,24
2025-11-05,Mobile,Postpaye,6
2025-11-05,Mobile,Data,16
2025-11-06,Internet Fixe,Rapido,6
2025-11-06,Internet Fixe,ADSL,4
2025-11-06,Internet Fixe,VDSL,3
2025-11-06,Internet Fixe,FO,9
2025-11-06,Internet Fixe,WAFI,7
2025-11-06,Internet Fixe,Box,17
2025-11-06,Mobile,Prepaye,29
2025-11-06,Mobile,Postpaye,10
2025-11-06,Mobile,Data,19
2025-11-07,Internet Fixe,Rapido,8
2025-11-07,Internet Fixe,ADSL,1
2025-11-07,Internet Fixe,VDSL,4
2025-11-07,Internet Fixe,FO,12
2025-11-07,Internet Fixe,WAFI,3
2025-11-07,Internet Fixe,Box,19
2025-11-07,Mobile,Prepaye,31
2025-11-07,Mobile,Postpaye,6
2025-11-07,Mobile,Data,17
2025-11-08,Internet Fixe,Rapido,4
2025-11-08,Internet Fixe,ADSL,2
2025-11-08,Internet Fixe,VDSL,5
2025-11-08,Internet Fixe,FO,6
2025-11-08,Internet Fixe,WAFI,2
2025-11-08,Internet Fixe,Box,13
2025-11-08,Mobile,Prepaye,16
2025-11-08,Mobile,Postpaye,1
2025-11-08,Mobile,Data,9
2025-11-09,Internet Fixe,Rapido,2
2025-11-09,Internet Fixe,ADSL,0
2025-11-09,Internet Fixe,VDSL,6
2025-11-09,Internet Fixe,FO,4
2025-11-09,Internet Fixe,WAFI,0
2025-11-09,Internet Fixe,Box,4
2025-11-09,Mobile,Prepaye,13
2025-11-09,Mobile,Postpaye,8
2025-11-09,Mobile,Data,6
2025-11-10,Internet Fixe,Rapido,5
2025-11-10,Internet Fixe,ADSL,3
2025-11-10,Internet Fixe,VDSL,8
2025-11-10,Internet Fixe,FO,10
2025-11-10,Internet Fixe,WAFI,1
2025-11-10,Internet Fixe,Box,20
2025-11-10,Mobile,Prepaye,26
2025-11-10,Mobile,Postpaye,12
2025-11-10,Mobile,Data,19
2025-11-11,Internet Fixe,Rapido,6
2025-11-11,Internet Fixe,ADSL,0
2025-11-11,Internet Fixe,VDSL,3
2025-11-11,Internet Fixe,FO,8
2025-11-11,Internet Fixe,WAFI,0
2025-11-11,Internet Fixe,Box,17
2025-11-11,Mobile,Prepaye,21
2025-11-11,Mobile,Postpaye,10
2025-11-11,Mobile,Data,17
2025-11-12,Internet Fixe,Rapido,5
2025-11-12,Internet Fixe,ADSL,1
2025-11-12,Internet Fixe,VDSL,8
2025-11-12,Internet Fixe,FO,9
2025-11-12,Internet Fixe,WAFI,3
2025-11-12,Internet Fixe,Box,25
2025-11-12,Mobile,Prepaye,30
2025-11-12,Mobile,Postpaye,14
2025-11-12,Mobile,Data,16
2025-11-13,Internet Fixe,Rapido,2
2025-11-13,Internet Fixe,ADSL,1
2025-11-13,Internet Fixe,VDSL,2
2025-11-13,Internet Fixe,FO,8
2025-11-13,Internet Fixe,WAFI,2
2025-11-13,Internet Fixe,Box,17
2025-11-13,Mobile,Prepaye,22
2025-11-13,Mobile,Postpaye,5
2025-11-13,Mobile,Data,15
2025-11-14,Internet Fixe,Rapido,6
2025-11-14,Internet Fixe,ADSL,4
2025-11-14,Internet Fixe,VDSL,3
2025-11-14,Internet Fixe,FO,7
2025-11-14,Internet Fixe,WAFI,2
2025-11-14,Internet Fixe,Box,21
2025-11-14,Mobile,Prepaye,30
2025-11-14,Mobile,Postpaye,7
2025-11-14,Mobile,Data,15
2025-11-15,Internet Fixe,Rapido,2
2025-11-15,Internet Fixe,ADSL,1
2025-11-15,Internet Fixe,VDSL,2
2025-11-15,Internet Fixe,FO,3
2025-11-15,Internet Fixe,WAFI,2
2025-11-15,Internet Fixe,Box,5
2025-11-15,Mobile,Prepaye,9
2025-11-15,Mobile,Postpaye,2
2025-11-15,Mobile,Data,13
2025-11-16,Internet Fixe,Rapido,3
2025-11-16,Internet Fixe,ADSL,1
2025-11-16,Internet Fixe,VDSL,5
2025-11-16,Internet Fixe,FO,3
2025-11-16,Internet Fixe,WAFI,7
2025-11-16,Internet Fixe,Box,8
2025-11-16,Mobile,Prepaye,14
2025-11-16,Mobile,Postpaye,9
2025-11-16,Mobile,Data,10
2025-11-17,Internet Fixe,Rapido,6
2025-11-17,Internet Fixe,ADSL,2
2025-11-17,Internet Fixe,VDSL,7
2025-11-17,Internet Fixe,FO,6
2025-11-17,Internet Fixe,WAFI,3
2025-11-17,Internet Fixe,Box,28
2025-11-17,Mobile,Prepaye,37
2025-11-17,Mobile,Postpaye,10
2025-11-17,Mobile,Data,10
2025-11-18,Internet Fixe,Rapido,4
2025-11-18,Internet Fixe,ADSL,1
2025-11-18,Internet Fixe,VDSL,8
2025-11-18,Internet Fixe,FO,8
2025-11-18,Internet Fixe,WAFI,3
2025-11-18,Internet Fixe,Box,22
2025-11-18,Mobile,Prepaye,30
2025-11-18,Mobile,Postpaye,7
2025-11-18,Mobile,Data,20
2025-11-19,Internet Fixe,Rapido,5
2025-11-19,Internet Fixe,ADSL,3
2025-11-19,Internet Fixe,VDSL,3
2025-11-19,Internet Fixe,FO,5
2025-11-19,Internet Fixe,WAFI,2
2025-11-19,Internet Fixe,Box,27
2025-11-19,Mobile,Prepaye,24
2025-11-19,Mobile,Postpaye,13
2025-11-19,Mobile,Data,19
2025-11-20,Internet Fixe,Rapido,4
2025-11-20,Internet Fixe,ADSL,3
2025-11-20,Internet Fixe,VDSL,7
2025-11-20,Internet Fixe,FO,12
2025-11-20,Internet Fixe,WAFI,0
2025-11-20,Internet Fixe,Box,23
2025-11-20,Mobile,Prepaye,34
2025-11-20,Mobile,Postpaye,5
2025-11-20,Mobile,Data,13
2025-11-21,Internet Fixe,Rapido,4
2025-11-21,Internet Fixe,ADSL,2
2025-11-21,Internet Fixe,VDSL,5
2025-11-21,Internet Fixe,FO,9
2025-11-21,Internet Fixe,WAFI,4
2025-11-21,Internet Fixe,Box,21
2025-11-21,Mobile,Prepaye,24
2025-11-21,Mobile,Postpaye,14
2025-11-21,Mobile,Data,13
2025-11-22,Internet Fixe,Rapido,3
2025-11-22,Internet Fixe,ADSL,3
2025-11-22,Internet Fixe,VDSL,1
2025-11-22,Internet Fixe,FO,5
2025-11-22,Internet Fixe,WAFI,2
2025-11-22,Internet Fixe,Box,12
2025-11-22,Mobile,Prepaye,9
2025-11-22,Mobile,Postpaye,1
2025-11-22,Mobile,Data,5
2025-11-23,Internet Fixe,Rapido,1
2025-11-23,Internet Fixe,ADSL,0
2025-11-23,Internet Fixe,VDSL,3
2025-11-23,Internet Fixe,FO,3
2025-11-23,Internet Fixe,WAFI,2
2025-11-23,Internet Fixe,Box,10
2025-11-23,Mobile,Prepaye,16
2025-11-23,Mobile,Postpaye,11
2025-11-23,Mobile,Data,9
2025-11-24,Internet Fixe,Rapido,8
2025-11-24,Internet Fixe,ADSL,1
2025-11-24,Internet Fixe,VDSL,4
2025-11-24,Internet Fixe,FO,11
2025-11-24,Internet Fixe,WAFI,4
2025-11-24,Internet Fixe,Box,25
2025-11-24,Mobile,Prepaye,29
2025-11-24,Mobile,Postpaye,9
2025-11-24,Mobile,Data,18
2025-11-25,Internet Fixe,Rapido,6
2025-11-25,Internet Fixe,ADSL,3
2025-11-25,Internet Fixe,VDSL,4
2025-11-25,Internet Fixe,FO,12
2025-11-25,Internet Fixe,WAFI,5
2025-11-25,Internet Fixe,Box,17
2025-11-25,Mobile,Prepaye,23
2025-11-25,Mobile,Postpaye,10
2025-11-25,Mobile,Data,10
2025-11-26,Internet Fixe,Rapido,5
2025-11-26,Internet Fixe,ADSL,4
2025-11-26,Internet Fixe,VDSL,3
2025-11-26,Internet Fixe,FO,3
2025-11-26,Internet Fixe,WAFI,4
2025-11-26,Internet Fixe,Box,25
2025-11-26,Mobile,Prepaye,31
2025-11-26,Mobile,Postpaye,12
2025-11-26,Mobile,Data,18
2025-11-27,Internet Fixe,Rapido,5
2025-11-27,Internet Fixe,ADSL,2
2025-11-27,Internet Fixe,VDSL,6
2025-11-27,Internet Fixe,FO,12
2025-11-27,Internet Fixe,WAFI,1
2025-11-27,Internet Fixe,Box,18
2025-11-27,Mobile,Prepaye,39
2025-11-27,Mobile,Postpaye,8
2025-11-27,Mobile,Data,21
2025-11-28,Internet Fixe,Rapido,6
2025-11-28,Internet Fixe,ADSL,1
2025-11-28,Internet Fixe,VDSL,12
2025-11-28,Internet Fixe,FO,7
2025-11-28,Internet Fixe,WAFI,3
2025-11-28,Internet Fixe,Box,18
2025-11-28,Mobile,Prepaye,38
2025-11-28,Mobile,Postpaye,10
2025-11-28,Mobile,Data,14
2025-11-29,Internet Fixe,Rapido,2
2025-11-29,Internet Fixe,ADSL,0
2025-11-29,Internet Fixe,VDSL,2
2025-11-29,Internet Fixe,FO,4
2025-11-29,Internet Fixe,WAFI,0
2025-11-29,Internet Fixe,Box,10
2025-11-29,Mobile,Prepaye,14
2025-11-29,Mobile,Postpaye,5
2025-11-29,Mobile,Data,9
2025-11-30,Internet Fixe,Rapido,1
2025-11-30,Internet Fixe,ADSL,0
2025-11-30,Internet Fixe,VDSL,4
2025-11-30,Internet Fixe,FO,2
2025-11-30,Internet Fixe,WAFI,2
2025-11-30,Internet Fixe,Box,6
2025-11-30,Mobile,Prepaye,11
2025-11-30,Mobile,Postpaye,3
2025-11-30,Mobile,Data,9
2025-12-01,Internet Fixe,Rapido,3
2025-12-01,Internet Fixe,ADSL,1
2025-12-01,Internet Fixe,VDSL,4
2025-12-01,Internet Fixe,FO,7
2025-12-01,Internet Fixe,WAFI,6
2025-12-01,Internet Fixe,Box,20
2025-12-01,Mobile,Prepaye,37
2025-12-01,Mobile,Postpaye,14
2025-12-01,Mobile,Data,20
2025-12-02,Internet Fixe,Rapido,4
2025-12-02,Internet Fixe,ADSL,1
2025-12-02,Internet Fixe,VDSL,10
2025-12-02,Internet Fixe,FO,7
2025-12-02,Internet Fixe,WAFI,3
2025-12-02,Internet Fixe,Box,15
2025-12-02,Mobile,Prepaye,31
2025-12-02,Mobile,Postpaye,6
2025-12-02,Mobile,Data,21
2025-12-03,Internet Fixe,Rapido,3
2025-12-03,Internet Fixe,ADSL,1
2025-12-03,Internet Fixe,VDSL,7
2025-12-03,Internet Fixe,FO,7
2025-12-03,Internet Fixe,WAFI,3
2025-12-03,Internet Fixe,Box,22
2025-12-03,Mobile,Prepaye,22
2025-12-03,Mobile,Postpaye,12
2025-12-03,Mobile,Data,22
2025-12-04,Internet Fixe,Rapido,8
2025-12-04,Internet Fixe,ADSL,1
2025-12-04,Internet Fixe,VDSL,9
2025-12-04,Internet Fixe,FO,13
2025-12-04,Internet Fixe,WAFI,3
2025-12-04,Internet Fixe,Box,20
2025-12-04,Mobile,Prepaye,30
2025-12-04,Mobile,Postpaye,8
2025-12-04,Mobile,Data,13
2025-12-05,Internet Fixe,Rapido,3
2025-12-05,Internet Fixe,ADSL,2
2025-12-05,Internet Fixe,VDSL,5
2025-12-05,Internet Fixe,FO,11
2025-12-05,Internet Fixe,WAFI,2
2025-12-05,Internet Fixe,Box,21
2025-12-05,Mobile,Prepaye,24
2025-12-05,Mobile,Postpaye,12
2025-12-05,Mobile,Data,27
2025-12-06,Internet Fixe,Rapido,2
2025-12-06,Internet Fixe,ADSL,2
2025-12-06,Internet Fixe,VDSL,1
2025-12-06,Internet Fixe,FO,5
2025-12-06,Internet Fixe,WAFI,1
2025-12-06,Internet Fixe,Box,5
2025-12-06,Mobile,Prepaye,15
2025-12-06,Mobile,Postpaye,4
2025-12-06,Mobile,Data,11
2025-12-07,Internet Fixe,Rapido,1
2025-12-07,Internet Fixe,ADSL,3
2025-12-07,Internet Fixe,VDSL,2
2025-12-07,Internet Fixe,FO,7
2025-12-07,Internet Fixe,WAFI,1
2025-12-07,Internet Fixe,Box,11
2025-12-07,Mobile,Prepaye,19
2025-12-07,Mobile,Postpaye,7
2025-12-07,Mobile,Data,8
2025-12-08,Internet Fixe,Rapido,4
2025-12-08,Internet Fixe,ADSL,2
2025-12-08,Internet Fixe,VDSL,6
2025-12-08,Internet Fixe,FO,6
2025-12-08,Internet Fixe,WAFI,1
2025-12-08,Internet Fixe,Box,29
2025-12-08,Mobile,Prepaye,31
2025-12-08,Mobile,Postpaye,14
2025-12-08,Mobile,Data,16
2025-12-09,Internet Fixe,Rapido,5
2025-12-09,Internet Fixe,ADSL,1
2025-12-09,Internet Fixe,VDSL,6
2025-12-09,Internet Fixe,FO,10
2025-12-09,Internet Fixe,WAFI,1
2025-12-09,Internet Fixe,Box,23
2025-12-09,Mobile,Prepaye,35
2025-12-09,Mobile,Postpaye,14
2025-12-09,Mobile,Data,9
2025-12-10,Internet Fixe,Rapido,5
2025-12-10,Internet Fixe,ADSL,6
2025-12-10,Internet Fixe,VDSL,8
2025-12-10,Internet Fixe,FO,9
2025-12-10,Internet Fixe,WAFI,4
2025-12-10,Internet Fixe,Box,15
2025-12-10,Mobile,Prepaye,31
2025-12-10,Mobile,Postpaye,9
2025-12-10,Mobile,Data,12
2025-12-11,Internet Fixe,Rapido,8
2025-12-11,Internet Fixe,ADSL,3
2025-12-11,Internet Fixe,VDSL,7
2025-12-11,Internet Fixe,FO,11
2025-12-11,Internet Fixe,WAFI,6
2025-12-11,Internet Fixe,Box,25
2025-12-11,Mobile,Prepaye,32
2025-12-11,Mobile,Postpaye,6
2025-12-11,Mobile,Data,17
2025-12-12,Internet Fixe,Rapido,5
2025-12-12,Internet Fixe,ADSL,1
2025-12-12,Internet Fixe,VDSL,6
2025-12-12,Internet Fixe,FO,13
2025-12-12,Internet Fixe,WAFI,1
2025-12-12,Internet Fixe,Box,18
2025-12-12,Mobile,Prepaye,30
2025-12-12,Mobile,Postpaye,9
2025-12-12,Mobile,Data,13
2025-12-13,Internet Fixe,Rapido,2
2025-12-13,Internet Fixe,ADSL,1
2025-12-13,Internet Fixe,VDSL,2
2025-12-13,Internet Fixe,FO,5
2025-12-13,Internet Fixe,WAFI,0
2025-12-13,Internet Fixe,Box,10
2025-12-13,Mobile,Prepaye,16
2025-12-13,Mobile,Postpaye,3
2025-12-13,Mobile,Data,7
2025-12-14,Internet Fixe,Rapido,3
2025-12-14,Internet Fixe,ADSL,1
2025-12-14,Internet Fixe,VDSL,3
2025-12-14,Internet Fixe,FO,4
2025-12-14,Internet Fixe,WAFI,1
2025-12-14,Internet Fixe,Box,11
2025-12-14,Mobile,Prepaye,10
2025-12-14,Mobile,Postpaye,3
2025-12-14,Mobile,Data,9
2025-12-15,Internet Fixe,Rapido,4
2025-12-15,Internet Fixe,ADSL,5
2025-12-15,Internet Fixe,VDSL,5
2025-12-15,Internet Fixe,FO,11
2025-12-15,Internet Fixe,WAFI,2
2025-12-15,Internet Fixe,Box,19
2025-12-15,Mobile,Prepaye,27
2025-12-15,Mobile,Postpaye,12
2025-12-15,Mobile,Data,16
2025-12-16,Internet Fixe,Rapido,6
2025-12-16,Internet Fixe,ADSL,3
2025-12-16,Internet Fixe,VDSL,8
2025-12-16,Internet Fixe,FO,7
2025-12-16,Internet Fixe,WAFI,3
2025-12-16,Internet Fixe,Box,19
2025-12-16,Mobile,Prepaye,23
2025-12-16,Mobile,Postpaye,16
2025-12-16,Mobile,Data,23
2025-12-17,Internet Fixe,Rapido,3
2025-12-17,Internet Fixe,ADSL,3
2025-12-17,Internet Fixe,VDSL,8
2025-12-17,Internet Fixe,FO,8
2025-12-17,Internet Fixe,WAFI,4
2025-12-17,Internet Fixe,Box,21
2025-12-17,Mobile,Prepaye,33
2025-12-17,Mobile,Postpaye,8
2025-12-17,Mobile,Data,17
2025-12-18,Internet Fixe,Rapido,3
2025-12-18,Internet Fixe,ADSL,3
2025-12-18,Internet Fixe,VDSL,7
2025-12-18,Internet Fixe,FO,6
2025-12-18,Internet Fixe,WAFI,2
2025-12-18,Internet Fixe,Box,23
2025-12-18,Mobile,Prepaye,35
2025-12-18,Mobile,Postpaye,7
2025-12-18,Mobile,Data,20
2025-12-19,Internet Fixe,Rapido,5
2025-12-19,Internet Fixe,ADSL,2
2025-12-19,Internet Fixe,VDSL,7
2025-12-19,Internet Fixe,FO,6
2025-12-19,Internet Fixe,WAFI,3
2025-12-19,Internet Fixe,Box,20
2025-12-19,Mobile,Prepaye,27
2025-12-19,Mobile,Postpaye,9
2025-12-19,Mobile,Data,16
2025-12-20,Internet Fixe,Rapido,0
2025-12-20,Internet Fixe,ADSL,1
2025-12-20,Internet Fixe,VDSL,1
2025-12-20,Internet Fixe,FO,3
2025-12-20,Internet Fixe,WAFI,1
2025-12-20,Internet Fixe,Box,14
2025-12-20,Mobile,Prepaye,8
2025-12-20,Mobile,Postpaye,7
2025-12-20,Mobile,Data,3
2025-12-21,Internet Fixe,Rapido,2
2025-12-21,Internet Fixe,ADSL,1
2025-12-21,Internet Fixe,VDSL,1
2025-12-21,Internet Fixe,FO,2
2025-12-21,Internet Fixe,WAFI,0
2025-12-21,Internet Fixe,Box,12
2025-12-21,Mobile,Prepaye,18
2025-12-21,Mobile,Postpaye,4
2025-12-21,Mobile,Data,3
2025-12-22,Internet Fixe,Rapido,7
2025-12-22,Internet Fixe,ADSL,7
2025-12-22,Internet Fixe,VDSL,5
2025-12-22,Internet Fixe,FO,7
2025-12-22,Internet Fixe,WAFI,5
2025-12-22,Internet Fixe,Box,20
2025-12-22,Mobile,Prepaye,27
2025-12-22,Mobile,Postpaye,14
2025-12-22,Mobile,Data,13
2025-12-23,Internet Fixe,Rapido,6
2025-12-23,Internet Fixe,ADSL,0
2025-12-23,Internet Fixe,VDSL,4
2025-12-23,Internet Fixe,FO,12
2025-12-23,Internet Fixe,WAFI,4
2025-12-23,Internet Fixe,Box,16
2025-12-23,Mobile,Prepaye,28
2025-12-23,Mobile,Postpaye,12
2025-12-23,Mobile,Data,16
2025-12-24,Internet Fixe,Rapido,4
2025-12-24,Internet Fixe,ADSL,0
2025-12-24,Internet Fixe,VDSL,2
2025-12-24,Internet Fixe,FO,5
2025-12-24,Internet Fixe,WAFI,1
2025-12-24,Internet Fixe,Box,20
2025-12-24,Mobile,Prepaye,27
2025-12-24,Mobile,Postpaye,11
2025-12-24,Mobile,Data,16
2025-12-25,Internet Fixe,Rapido,6
2025-12-25,Internet Fixe,ADSL,2
2025-12-25,Internet Fixe,VDSL,2
2025-12-25,Internet Fixe,FO,10
2025-12-25,Internet Fixe,WAFI,1
2025-12-25,Internet Fixe,Box,27
2025-12-25,Mobile,Prepaye,25
2025-12-25,Mobile,Postpaye,13
2025-12-25,Mobile,Data,13
2025-12-26,Internet Fixe,Rapido,6
2025-12-26,Internet Fixe,ADSL,2
2025-12-26,Internet Fixe,VDSL,7
2025-12-26,Internet Fixe,FO,6
2025-12-26,Internet Fixe,WAFI,3
2025-12-26,Internet Fixe,Box,27
2025-12-26,Mobile,Prepaye,34
2025-12-26,Mobile,Postpaye,15
2025-12-26,Mobile,Data,16
2025-12-27,Internet Fixe,Rapido,0
2025-12-27,Internet Fixe,ADSL,3
2025-12-27,Internet Fixe,VDSL,3
2025-12-27,Internet Fixe,FO,5
2025-12-27,Internet Fixe,WAFI,2
2025-12-27,Internet Fixe,Box,10
2025-12-27,Mobile,Prepaye,14
2025-12-27,Mobile,Postpaye,7
2025-12-27,Mobile,Data,6
2025-12-28,Internet Fixe,Rapido,1
2025-12-28,Internet Fixe,ADSL,0
2025-12-28,Internet Fixe,VDSL,0
2025-12-28,Internet Fixe,FO,3
2025-12-28,Internet Fixe,WAFI,4
2025-12-28,Internet Fixe,Box,9
2025-12-28,Mobile,Prepaye,9
2025-12-28,Mobile,Postpaye,5
2025-12-28,Mobile,Data,4
2025-12-29,Internet Fixe,Rapido,5
2025-12-29,Internet Fixe,ADSL,3
2025-12-29,Internet Fixe,VDSL,1
2025-12-29,Internet Fixe,FO,11
2025-12-29,Internet Fixe,WAFI,4
2025-12-29,Internet Fixe,Box,21
2025-12-29,Mobile,Prepaye,36
2025-12-29,Mobile,Postpaye,12
2025-12-29,Mobile,Data,16
2025-12-30,Internet Fixe,Rapido,5
2025-12-30,Internet Fixe,ADSL,5
2025-12-30,Internet Fixe,VDSL,3
2025-12-30,Internet Fixe,FO,6
2025-12-30,Internet Fixe,WAFI,7
2025-12-30,Internet Fixe,Box,16
2025-12-30,Mobile,Prepaye,37
2025-12-30,Mobile,Postpaye,6
2025-12-30,Mobile,Data,13
2025-12-31,Internet Fixe,Rapido,3
2025-12-31,Internet Fixe,ADSL,1
2025-12-31,Internet Fixe,VDSL,4
2025-12-31,Internet Fixe,FO,11
2025-12-31,Internet Fixe,WAFI,5
2025-12-31,Internet Fixe,Box,30
2025-12-31,Mobile,Prepaye,32
2025-12-31,Mobile,Postpaye,10
2025-12-31,Mobile,Data,10
2026-01-01,Internet Fixe,Rapido,6
2026-01-01,Internet Fixe,ADSL,4
2026-01-01,Internet Fixe,VDSL,6
2026-01-01,Internet Fixe,FO,7
2026-01-01,Internet Fixe,WAFI,3
2026-01-01,Internet Fixe,Box,29
2026-01-01,Mobile,Prepaye,22
2026-01-01,Mobile,Postpaye,8
2026-01-01,Mobile,Data,16
2026-01-02,Internet Fixe,Rapido,3
2026-01-02,Internet Fixe,ADSL,3
2026-01-02,Internet Fixe,VDSL,6
2026-01-02,Internet Fixe,FO,10
2026-01-02,Internet Fixe,WAFI,6
2026-01-02,Internet Fixe,Box,30
2026-01-02,Mobile,Prepaye,29
2026-01-02,Mobile,Postpaye,9
2026-01-02,Mobile,Data,18
2026-01-03,Internet Fixe,Rapido,2
2026-01-03,Internet Fixe,ADSL,3
2026-01-03,Internet Fixe,VDSL,2
2026-01-03,Internet Fixe,FO,2
2026-01-03,Internet Fixe,WAFI,1
2026-01-03,Internet Fixe,Box,12
2026-01-03,Mobile,Prepaye,15
2026-01-03,Mobile,Postpaye,3
2026-01-03,Mobile,Data,5
2026-01-04,Internet Fixe,Rapido,1
2026-01-04,Internet Fixe,ADSL,2
2026-01-04,Internet Fixe,VDSL,3
2026-01-04,Internet Fixe,FO,6
2026-01-04,Internet Fixe,WAFI,2
2026-01-04,Internet Fixe,Box,13
2026-01-04,Mobile,Prepaye,18
2026-01-04,Mobile,Postpaye,2
2026-01-04,Mobile,Data,9
2026-01-05,Internet Fixe,Rapido,5
2026-01-05,Internet Fixe,ADSL,6
2026-01-05,Internet Fixe,VDSL,5
2026-01-05,Internet Fixe,FO,5
2026-01-05,Internet Fixe,WAFI,4
2026-01-05,Internet Fixe,Box,22
2026-01-05,Mobile,Prepaye,41
2026-01-05,Mobile,Postpaye,13
2026-01-05,Mobile,Data,20
2026-01-06,Internet Fixe,Rapido,5
2026-01-06,Internet Fixe,ADSL,9
2026-01-06,Internet Fixe,VDSL,7
2026-01-06,Internet Fixe,FO,10
2026-01-06,Internet Fixe,WAFI,0
2026-01-06,Internet Fixe,Box,27
2026-01-06,Mobile,Prepaye,25
2026-01-06,Mobile,Postpaye,14
2026-01-06,Mobile,Data,22
2026-01-07,Internet Fixe,Rapido,6
2026-01-07,Internet Fixe,ADSL,4
2026-01-07,Internet Fixe,VDSL,10
2026-01-07,Internet Fixe,FO,11
2026-01-07,Internet Fixe,WAFI,3
2026-01-07,Internet Fixe,Box,23
2026-01-07,Mobile,Prepaye,34
2026-01-07,Mobile,Postpaye,12
2026-01-07,Mobile,Data,15
2026-01-08,Internet Fixe,Rapido,9
2026-01-08,Internet Fixe,ADSL,2
2026-01-08,Internet Fixe,VDSL,5
2026-01-08,Internet Fixe,FO,13
2026-01-08,Internet Fixe,WAFI,8
2026-01-08,Internet Fixe,Box,24
2026-01-08,Mobile,Prepaye,34
2026-01-08,Mobile,Postpaye,8
2026-01-08,Mobile,Data,12
2026-01-09,Internet Fixe,Rapido,6
2026-01-09,Internet Fixe,ADSL,2
2026-01-09,Internet Fixe,VDSL,4
2026-01-09,Internet Fixe,FO,14
2026-01-09,Internet Fixe,WAFI,0
2026-01-09,Internet Fixe,Box,23
2026-01-09,Mobile,Prepaye,39
2026-01-09,Mobile,Postpaye,13
2026-01-09,Mobile,Data,22
2026-01-10,Internet Fixe,Rapido,3
2026-01-10,Internet Fixe,ADSL,1
2026-01-10,Internet Fixe,VDSL,3
2026-01-10,Internet Fixe,FO,4
2026-01-10,Internet Fixe,WAFI,5
2026-01-10,Internet Fixe,Box,10
2026-01-10,Mobile,Prepaye,15
2026-01-10,Mobile,Postpaye,8
2026-01-10,Mobile,Data,10
2026-01-11,Internet Fixe,Rapido,3
2026-01-11,Internet Fixe,ADSL,1
2026-01-11,Internet Fixe,VDSL,6
2026-01-11,Internet Fixe,FO,7
2026-01-11,Internet Fixe,WAFI,2
2026-01-11,Internet Fixe,Box,12
2026-01-11,Mobile,Prepaye,12
2026-01-11,Mobile,Postpaye,4
2026-01-11,Mobile,Data,8
2026-01-12,Internet Fixe,Rapido,4
2026-01-12,Internet Fixe,ADSL,3
2026-01-12,Internet Fixe,VDSL,7
2026-01-12,Internet Fixe,FO,10
2026-01-12,Internet Fixe,WAFI,3
2026-01-12,Internet Fixe,Box,20
2026-01-12,Mobile,Prepaye,29
2026-01-12,Mobile,Postpaye,14
2026-01-12,Mobile,Data,11
2026-01-13,Internet Fixe,Rapido,9
2026-01-13,Internet Fixe,ADSL,0
2026-01-13,Internet Fixe,VDSL,9
2026-01-13,Internet Fixe,FO,10
2026-01-13,Internet Fixe,WAFI,4
2026-01-13,Internet Fixe,Box,23
2026-01-13,Mobile,Prepaye,30
2026-01-13,Mobile,Postpaye,13
2026-01-13,Mobile,Data,11
2026-01-14,Internet Fixe,Rapido,7
2026-01-14,Internet Fixe,ADSL,4
2026-01-14,Internet Fixe,VDSL,7
2026-01-14,Internet Fixe,FO,12
2026-01-14,Internet Fixe,WAFI,3
2026-01-14,Internet Fixe,Box,23
2026-01-14,Mobile,Prepaye,31
2026-01-14,Mobile,Postpaye,10
2026-01-14,Mobile,Data,14
2026-01-15,Internet Fixe,Rapido,2
2026-01-15,Internet Fixe,ADSL,2
2026-01-15,Internet Fixe,VDSL,12
2026-01-15,Internet Fixe,FO,11
2026-01-15,Internet Fixe,WAFI,3
2026-01-15,Internet Fixe,Box,14
2026-01-15,Mobile,Prepaye,33
2026-01-15,Mobile,Postpaye,14
2026-01-15,Mobile,Data,16
2026-01-16,Internet Fixe,Rapido,3
2026-01-16,Internet Fixe,ADSL,2
2026-01-16,Internet Fixe,VDSL,4
2026-01-16,Internet Fixe,FO,12
2026-01-16,Internet Fixe,WAFI,6
2026-01-16,Internet Fixe,Box,21
2026-01-16,Mobile,Prepaye,27
2026-01-16,Mobile,Postpaye,15
2026-01-16,Mobile,Data,17
2026-01-17,Internet Fixe,Rapido,2
2026-01-17,Internet Fixe,ADSL,2
2026-01-17,Internet Fixe,VDSL,2
2026-01-17,Internet Fixe,FO,6
2026-01-17,Internet Fixe,WAFI,3
2026-01-17,Internet Fixe,Box,13
2026-01-17,Mobile,Prepaye,13
2026-01-17,Mobile,Postpaye,3
2026-01-17,Mobile,Data,10
2026-01-18,Internet Fixe,Rapido,2
2026-01-18,Internet Fixe,ADSL,3
2026-01-18,Internet Fixe,VDSL,3
2026-01-18,Internet Fixe,FO,3
2026-01-18,Internet Fixe,WAFI,1
2026-01-18,Internet Fixe,Box,10
2026-01-18,Mobile,Prepaye,12
2026-01-18,Mobile,Postpaye,6
2026-01-18,Mobile,Data,12
2026-01-19,Internet Fixe,Rapido,0
2026-01-19,Internet Fixe,ADSL,1
2026-01-19,Internet Fixe,VDSL,10
2026-01-19,Internet Fixe,FO,8
2026-01-19,Internet Fixe,WAFI,6
2026-01-19,Internet Fixe,Box,24
2026-01-19,Mobile,Prepaye,41
2026-01-19,Mobile,Postpaye,7
2026-01-19,Mobile,Data,13
2026-01-20,Internet Fixe,Rapido,5
2026-01-20,Internet Fixe,ADSL,2
2026-01-20,Internet Fixe,VDSL,9
2026-01-20,Internet Fixe,FO,13
2026-01-20,Internet Fixe,WAFI,5
2026-01-20,Internet Fixe,Box,18
2026-01-20,Mobile,Prepaye,21
2026-01-20,Mobile,Postpaye,13
2026-01-20,Mobile,Data,20
2026-01-21,Internet Fixe,Rapido,4
2026-01-21,Internet Fixe,ADSL,4
2026-01-21,Internet Fixe,VDSL,5
2026-01-21,Internet Fixe,FO,5
2026-01-21,Internet Fixe,WAFI,2
2026-01-21,Internet Fixe,Box,22
2026-01-21,Mobile,Prepaye,25
2026-01-21,Mobile,Postpaye,14
2026-01-21,Mobile,Data,14
2026-01-22,Internet Fixe,Rapido,11
2026-01-22,Internet Fixe,ADSL,3
2026-01-22,Internet Fixe,VDSL,5
2026-01-22,Internet Fixe,FO,13
2026-01-22,Internet Fixe,WAFI,4
2026-01-22,Internet Fixe,Box,23
2026-01-22,Mobile,Prepaye,26
2026-01-22,Mobile,Postpaye,25
2026-01-22,Mobile,Data,19
2026-01-23,Internet Fixe,Rapido,7
2026-01-23,Internet Fixe,ADSL,4
2026-01-23,Internet Fixe,VDSL,2
2026-01-23,Internet Fixe,FO,22
2026-01-23,Internet Fixe,WAFI,6
2026-01-23,Internet Fixe,Box,26
2026-01-23,Mobile,Prepaye,42
2026-01-23,Mobile,Postpaye,9
2026-01-23,Mobile,Data,18
2026-01-24,Internet Fixe,Rapido,3
2026-01-24,Internet Fixe,ADSL,1
2026-01-24,Internet Fixe,VDSL,1
2026-01-24,Internet Fixe,FO,0
2026-01-24,Internet Fixe,WAFI,0
2026-01-24,Internet Fixe,Box,6
2026-01-24,Mobile,Prepaye,14
2026-01-24,Mobile,Postpaye,4
2026-01-24,Mobile,Data,5
2026-01-25,Internet Fixe,Rapido,1
2026-01-25,Internet Fixe,ADSL,2
2026-01-25,Internet Fixe,VDSL,1
2026-01-25,Internet Fixe,FO,4
2026-01-25,Internet Fixe,WAFI,4
2026-01-25,Internet Fixe,Box,15
2026-01-25,Mobile,Prepaye,9
2026-01-25,Mobile,Postpaye,1
2026-01-25,Mobile,Data,9
2026-01-26,Internet Fixe,Rapido,6
2026-01-26,Internet Fixe,ADSL,4
2026-01-26,Internet Fixe,VDSL,12
2026-01-26,Internet Fixe,FO,7
2026-01-26,Internet Fixe,WAFI,3
2026-01-26,Internet Fixe,Box,14
2026-01-26,Mobile,Prepaye,39
2026-01-26,Mobile,Postpaye,19
2026-01-26,Mobile,Data,17
2026-01-27,Internet Fixe,Rapido,2
2026-01-27,Internet Fixe,ADSL,4
2026-01-27,Internet Fixe,VDSL,6
2026-01-27,Internet Fixe,FO,8
2026-01-27,Internet Fixe,WAFI,4
2026-01-27,Internet Fixe,Box,21
2026-01-27,Mobile,Prepaye,24
2026-01-27,Mobile,Postpaye,17
2026-01-27,Mobile,Data,26
2026-01-28,Internet Fixe,Rapido,6
2026-01-28,Internet Fixe,ADSL,3
2026-01-28,Internet Fixe,VDSL,9
2026-01-28,Internet Fixe,FO,6
2026-01-28,Internet Fixe,WAFI,8
2026-01-28,Internet Fixe,Box,22
2026-01-28,Mobile,Prepaye,33
2026-01-28,Mobile,Postpaye,11
2026-01-28,Mobile,Data,13
2026-01-29,Internet Fixe,Rapido,5
2026-01-29,Internet Fixe,ADSL,1
2026-01-29,Internet Fixe,VDSL,8
2026-01-29,Internet Fixe,FO,10
2026-01-29,Internet Fixe,WAFI,4
2026-01-29,Internet Fixe,Box,29
2026-01-29,Mobile,Prepaye,32
2026-01-29,Mobile,Postpaye,13
2026-01-29,Mobile,Data,16
2026-01-30,Internet Fixe,Rapido,5
2026-01-30,Internet Fixe,ADSL,1
2026-01-30,Internet Fixe,VDSL,2
2026-01-30,Internet Fixe,FO,8
2026-01-30,Internet Fixe,WAFI,5
2026-01-30,Internet Fixe,Box,28
2026-01-30,Mobile,Prepaye,33
2026-01-30,Mobile,Postpaye,11
2026-01-30,Mobile,Data,12
2026-01-31,Internet Fixe,Rapido,3
2026-01-31,Internet Fixe,ADSL,0
2026-01-31,Internet Fixe,VDSL,2
2026-01-31,Internet Fixe,FO,5
2026-01-31,Internet Fixe,WAFI,0
2026-01-31,Internet Fixe,Box,8
2026-01-31,Mobile,Prepaye,15
2026-01-31,Mobile,Postpaye,5
2026-01-31,Mobile,Data,15
2026-02-01,Internet Fixe,Rapido,3
2026-02-01,Internet Fixe,ADSL,1
2026-02-01,Internet Fixe,VDSL,0
2026-02-01,Internet Fixe,FO,3
2026-02-01,Internet Fixe,WAFI,3
2026-02-01,Internet Fixe,Box,12
2026-02-01,Mobile,Prepaye,21
2026-02-01,Mobile,Postpaye,5
2026-02-01,Mobile,Data,13
2026-02-02,Internet Fixe,Rapido,4
2026-02-02,Internet Fixe,ADSL,1
2026-02-02,Internet Fixe,VDSL,5
2026-02-02,Internet Fixe,FO,13
2026-02-02,Internet Fixe,WAFI,1
2026-02-02,Internet Fixe,Box,30
2026-02-02,Mobile,Prepaye,28
2026-02-02,Mobile,Postpaye,12
2026-02-02,Mobile,Data,15
2026-02-03,Internet Fixe,Rapido,3
2026-02-03,Internet Fixe,ADSL,4
2026-02-03,Internet Fixe,VDSL,7
2026-02-03,Internet Fixe,FO,12
2026-02-03,Internet Fixe,WAFI,6
2026-02-03,Internet Fixe,Box,24
2026-02-03,Mobile,Prepaye,44
2026-02-03,Mobile,Postpaye,15
2026-02-03,Mobile,Data,16
2026-02-04,Internet Fixe,Rapido,6
2026-02-04,Internet Fixe,ADSL,2
2026-02-04,Internet Fixe,VDSL,7
2026-02-04,Internet Fixe,FO,17
2026-02-04,Internet Fixe,WAFI,4
2026-02-04,Internet Fixe,Box,29
2026-02-04,Mobile,Prepaye,30
2026-02-04,Mobile,Postpaye,11
2026-02-04,Mobile,Data,16
2026-02-05,Internet Fixe,Rapido,9
2026-02-05,Internet Fixe,ADSL,3
2026-02-05,Internet Fixe,VDSL,5
2026-02-05,Internet Fixe,FO,8
2026-02-05,Internet Fixe,WAFI,10
2026-02-05,Internet Fixe,Box,25
2026-02-05,Mobile,Prepaye,40
2026-02-05,Mobile,Postpaye,27
2026-02-05,Mobile,Data,19
2026-02-06,Internet Fixe,Rapido,9
2026-02-06,Internet Fixe,ADSL,1
2026-02-06,Internet Fixe,VDSL,12
2026-02-06,Internet Fixe,FO,16
2026-02-06,Internet Fixe,WAFI,2
2026-02-06,Internet Fixe,Box,24
2026-02-06,Mobile,Prepaye,27
2026-02-06,Mobile,Postpaye,16
2026-02-06,Mobile,Data,19
2026-02-07,Internet Fixe,Rapido,4
2026-02-07,Internet Fixe,ADSL,2
2026-02-07,Internet Fixe,VDSL,3
2026-02-07,Internet Fixe,FO,5
2026-02-07,Internet Fixe,WAFI,2
2026-02-07,Internet Fixe,Box,11
2026-02-07,Mobile,Prepaye,12
2026-02-07,Mobile,Postpaye,5
2026-02-07,Mobile,Data,10
2026-02-08,Internet Fixe,Rapido,2
2026-02-08,Internet Fixe,ADSL,3
2026-02-08,Internet Fixe,VDSL,1
2026-02-08,Internet Fixe,FO,4
2026-02-08,Internet Fixe,WAFI,1
2026-02-08,Internet Fixe,Box,11
2026-02-08,Mobile,Prepaye,17
2026-02-08,Mobile,Postpaye,8
2026-02-08,Mobile,Data,6
2026-02-09,Internet Fixe,Rapido,12
2026-02-09,Internet Fixe,ADSL,1
2026-02-09,Internet Fixe,VDSL,7
2026-02-09,Internet Fixe,FO,16
2026-02-09,Internet Fixe,WAFI,2
2026-02-09,Internet Fixe,Box,27
2026-02-09,Mobile,Prepaye,46
2026-02-09,Mobile,Postpaye,13
2026-02-09,Mobile,Data,20
2026-02-10,Internet Fixe,Rapido,5
2026-02-10,Internet Fixe,ADSL,2
2026-02-10,Internet Fixe,VDSL,8
2026-02-10,Internet Fixe,FO,9
2026-02-10,Internet Fixe,WAFI,5
2026-02-10,Internet Fixe,Box,22
2026-02-10,Mobile,Prepaye,34
2026-02-10,Mobile,Postpaye,7
2026-02-10,Mobile,Data,22
2026-02-11,Internet Fixe,Rapido,5
2026-02-11,Internet Fixe,ADSL,2
2026-02-11,Internet Fixe,VDSL,5
2026-02-11,Internet Fixe,FO,6
2026-02-11,Internet Fixe,WAFI,3
2026-02-11,Internet Fixe,Box,19
2026-02-11,Mobile,Prepaye,39
2026-02-11,Mobile,Postpaye,10
2026-02-11,Mobile,Data,15
2026-02-12,Internet Fixe,Rapido,3
2026-02-12,Internet Fixe,ADSL,1
2026-02-12,Internet Fixe,VDSL,5
2026-02-12,Internet Fixe,FO,12
2026-02-12,Internet Fixe,WAFI,4
2026-02-12,Internet Fixe,Box,33
2026-02-12,Mobile,Prepaye,39
2026-02-12,Mobile,Postpaye,15
2026-02-12,Mobile,Data,23
2026-02-13,Internet Fixe,Rapido,2
2026-02-13,Internet Fixe,ADSL,4
2026-02-13,Internet Fixe,VDSL,7
2026-02-13,Internet Fixe,FO,18
2026-02-13,Internet Fixe,WAFI,5
2026-02-13,Internet Fixe,Box,29
2026-02-13,Mobile,Prepaye,35
2026-02-13,Mobile,Postpaye,14
2026-02-13,Mobile,Data,17
2026-02-14,Internet Fixe,Rapido,5
2026-02-14,Internet Fixe,ADSL,1
2026-02-14,Internet Fixe,VDSL,1
2026-02-14,Internet Fixe,FO,7
2026-02-14,Internet Fixe,WAFI,0
2026-02-14,Internet Fixe,Box,14
2026-02-14,Mobile,Prepaye,19
2026-02-14,Mobile,Postpaye,3
2026-02-14,Mobile,Data,12
2026-02-15,Internet Fixe,Rapido,3
2026-02-15,Internet Fixe,ADSL,0
2026-02-15,Internet Fixe,VDSL,2
2026-02-15,Internet Fixe,FO,7
2026-02-15,Internet Fixe,WAFI,2
2026-02-15,Internet Fixe,Box,10
2026-02-15,Mobile,Prepaye,10
2026-02-15,Mobile,Postpaye,7
2026-02-15,Mobile,Data,4
2026-02-16,Internet Fixe,Rapido,8
2026-02-16,Internet Fixe,ADSL,1
2026-02-16,Internet Fixe,VDSL,7
2026-02-16,Internet Fixe,FO,9
2026-02-16,Internet Fixe,WAFI,5
2026-02-16,Internet Fixe,Box,27
2026-02-16,Mobile,Prepaye,40
2026-02-16,Mobile,Postpaye,13
2026-02-16,Mobile,Data,17
2026-02-17,Internet Fixe,Rapido,7
2026-02-17,Internet Fixe,ADSL,3
2026-02-17,Internet Fixe,VDSL,7
2026-02-17,Internet Fixe,FO,8
2026-02-17,Internet Fixe,WAFI,5
2026-02-17,Internet Fixe,Box,27
2026-02-17,Mobile,Prepaye,40
2026-02-17,Mobile,Postpaye,10
2026-02-17,Mobile,Data,18
2026-02-18,Internet Fixe,Rapido,7
2026-02-18,Internet Fixe,ADSL,2
2026-02-18,Internet Fixe,VDSL,5
2026-02-18,Internet Fixe,FO,12
2026-02-18,Internet Fixe,WAFI,4
2026-02-18,Internet Fixe,Box,19
2026-02-18,Mobile,Prepaye,28
2026-02-18,Mobile,Postpaye,15
2026-02-18,Mobile,Data,24
2026-02-19,Internet Fixe,Rapido,10
2026-02-19,Internet Fixe,ADSL,2
2026-02-19,Internet Fixe,VDSL,8
2026-02-19,Internet Fixe,FO,10
2026-02-19,Internet Fixe,WAFI,7
2026-02-19,Internet Fixe,Box,19
2026-02-19,Mobile,Prepaye,23
2026-02-19,Mobile,Postpaye,17
2026-02-19,Mobile,Data,14
2026-02-20,Internet Fixe,Rapido,6
2026-02-20,Internet Fixe,ADSL,3
2026-02-20,Internet Fixe,VDSL,5
2026-02-20,Internet Fixe,FO,8
2026-02-20,Internet Fixe,WAFI,6
2026-02-20,Internet Fixe,Box,23
2026-02-20,Mobile,Prepaye,31
2026-02-20,Mobile,Postpaye,16
2026-02-20,Mobile,Data,17
2026-02-21,Internet Fixe,Rapido,2
2026-02-21,Internet Fixe,ADSL,1
2026-02-21,Internet Fixe,VDSL,4
2026-02-21,Internet Fixe,FO,10
2026-02-21,Internet Fixe,WAFI,1
2026-02-21,Internet Fixe,Box,14
2026-02-21,Mobile,Prepaye,11
2026-02-21,Mobile,Postpaye,7
2026-02-21,Mobile,Data,4
2026-02-22,Internet Fixe,Rapido,2
2026-02-22,Internet Fixe,ADSL,0
2026-02-22,Internet Fixe,VDSL,3
2026-02-22,Internet Fixe,FO,4
2026-02-22,Internet Fixe,WAFI,0
2026-02-22,Internet Fixe,Box,18
2026-02-22,Mobile,Prepaye,16
2026-02-22,Mobile,Postpaye,2
2026-02-22,Mobile,Data,7
2026-02-23,Internet Fixe,Rapido,1
2026-02-23,Internet Fixe,ADSL,1
2026-02-23,Internet Fixe,VDSL,7
2026-02-23,Internet Fixe,FO,8
2026-02-23,Internet Fixe,WAFI,3
2026-02-23,Internet Fixe,Box,21
2026-02-23,Mobile,Prepaye,39
2026-02-23,Mobile,Postpaye,14
2026-02-23,Mobile,Data,20
2026-02-24,Internet Fixe,Rapido,8
2026-02-24,Internet Fixe,ADSL,3
2026-02-24,Internet Fixe,VDSL,10
2026-02-24,Internet Fixe,FO,6
2026-02-24,Internet Fixe,WAFI,1
2026-02-24,Internet Fixe,Box,37
2026-02-24,Mobile,Prepaye,40
2026-02-24,Mobile,Postpaye,11
2026-02-24,Mobile,Data,18
2026-02-25,Internet Fixe,Rapido,4
2026-02-25,Internet Fixe,ADSL,0
2026-02-25,Internet Fixe,VDSL,9
2026-02-25,Internet Fixe,FO,12
2026-02-25,Internet Fixe,WAFI,2
2026-02-25,Internet Fixe,Box,22
2026-02-25,Mobile,Prepaye,32
2026-02-25,Mobile,Postpaye,13
2026-02-25,Mobile,Data,18
2026-02-26,Internet Fixe,Rapido,7
2026-02-26,Internet Fixe,ADSL,2
2026-02-26,Internet Fixe,VDSL,10
2026-02-26,Internet Fixe,FO,12
2026-02-26,Internet Fixe,WAFI,2
2026-02-26,Internet Fixe,Box,29
2026-02-26,Mobile,Prepaye,36
2026-02-26,Mobile,Postpaye,11
2026-02-26,Mobile,Data,19
2026-02-27,Internet Fixe,Rapido,4
2026-02-27,Internet Fixe,ADSL,2
2026-02-27,Internet Fixe,VDSL,5
2026-02-27,Internet Fixe,FO,13
2026-02-27,Internet Fixe,WAFI,6
2026-02-27,Internet Fixe,Box,20
2026-02-27,Mobile,Prepaye,31
2026-02-27,Mobile,Postpaye,9
2026-02-27,Mobile,Data,23
2026-02-28,Internet Fixe,Rapido,6
2026-02-28,Internet Fixe,ADSL,2
2026-02-28,Internet Fixe,VDSL,3
2026-02-28,Internet Fixe,FO,5
2026-02-28,Internet Fixe,WAFI,1
2026-02-28,Internet Fixe,Box,7
2026-02-28,Mobile,Prepaye,9
2026-02-28,Mobile,Postpaye,7
2026-02-28,Mobile,Data,7
2026-03-01,Internet Fixe,Rapido,1
2026-03-01,Internet Fixe,ADSL,0
2026-03-01,Internet Fixe,VDSL,3
2026-03-01,Internet Fixe,FO,7
2026-03-01,Internet Fixe,WAFI,1
2026-03-01,Internet Fixe,Box,9
2026-03-01,Mobile,Prepaye,19
2026-03-01,Mobile,Postpaye,9
2026-03-01,Mobile,Data,8
2026-03-02,Internet Fixe,Rapido,4
2026-03-02,Internet Fixe,ADSL,1
2026-03-02,Internet Fixe,VDSL,4
2026-03-02,Internet Fixe,FO,9
2026-03-02,Internet Fixe,WAFI,9
2026-03-02,Internet Fixe,Box,28
2026-03-02,Mobile,Prepaye,33
2026-03-02,Mobile,Postpaye,21
2026-03-02,Mobile,Data,30
2026-03-03,Internet Fixe,Rapido,4
2026-03-03,Internet Fixe,ADSL,6
2026-03-03,Internet Fixe,VDSL,8
2026-03-03,Internet Fixe,FO,12
2026-03-03,Internet Fixe,WAFI,6
2026-03-03,Internet Fixe,Box,32
2026-03-03,Mobile,Prepaye,29
2026-03-03,Mobile,Postpaye,16
2026-03-03,Mobile,Data,19
2026-03-04,Internet Fixe,Rapido,11
2026-03-04,Internet Fixe,ADSL,5
2026-03-04,Internet Fixe,VDSL,8
2026-03-04,Internet Fixe,FO,12
2026-03-04,Internet Fixe,WAFI,4
2026-03-04,Internet Fixe,Box,27
2026-03-04,Mobile,Prepaye,34
2026-03-04,Mobile,Postpaye,14
2026-03-04,Mobile,Data,21
2026-03-05,Internet Fixe,Rapido,6
2026-03-05,Internet Fixe,ADSL,1
2026-03-05,Internet Fixe,VDSL,8
2026-03-05,Internet Fixe,FO,8
2026-03-05,Internet Fixe,WAFI,4
2026-03-05,Internet Fixe,Box,26
2026-03-05,Mobile,Prepaye,40
2026-03-05,Mobile,Postpaye,15
2026-03-05,Mobile,Data,20
2026-03-06,Internet Fixe,Rapido,6
2026-03-06,Internet Fixe,ADSL,3
2026-03-06,Internet Fixe,VDSL,4
2026-03-06,Internet Fixe,FO,20
2026-03-06,Internet Fixe,WAFI,0
2026-03-06,Internet Fixe,Box,25
2026-03-06,Mobile,Prepaye,37
2026-03-06,Mobile,Postpaye,12
2026-03-06,Mobile,Data,17
2026-03-07,Internet Fixe,Rapido,1
2026-03-07,Internet Fixe,ADSL,1
2026-03-07,Internet Fixe,VDSL,3
2026-03-07,Internet Fixe,FO,4
2026-03-07,Internet Fixe,WAFI,2
2026-03-07,Internet Fixe,Box,8
2026-03-07,Mobile,Prepaye,15
2026-03-07,Mobile,Postpaye,5
2026-03-07,Mobile,Data,5
2026-03-08,Internet Fixe,Rapido,4
2026-03-08,Internet Fixe,ADSL,0
2026-03-08,Internet Fixe,VDSL,3
2026-03-08,Internet Fixe,FO,7
2026-03-08,Internet Fixe,WAFI,2
2026-03-08,Internet Fixe,Box,12
2026-03-08,Mobile,Prepaye,16
2026-03-08,Mobile,Postpaye,7
2026-03-08,Mobile,Data,3
2026-03-09,Internet Fixe,Rapido,2
2026-03-09,Internet Fixe,ADSL,2
2026-03-09,Internet Fixe,VDSL,10
2026-03-09,Internet Fixe,FO,14
2026-03-09,Internet Fixe,WAFI,3
2026-03-09,Internet Fixe,Box,21
2026-03-09,Mobile,Prepaye,44
2026-03-09,Mobile,Postpaye,17
2026-03-09,Mobile,Data,28
2026-03-10,Internet Fixe,Rapido,5
2026-03-10,Internet Fixe,ADSL,1
2026-03-10,Internet Fixe,VDSL,4
2026-03-10,Internet Fixe,FO,12
2026-03-10,Internet Fixe,WAFI,2
2026-03-10,Internet Fixe,Box,26
2026-03-10,Mobile,Prepaye,31
2026-03-10,Mobile,Postpaye,12
2026-03-10,Mobile,Data,23
2026-03-11,Internet Fixe,Rapido,7
2026-03-11,Internet Fixe,ADSL,3
2026-03-11,Internet Fixe,VDSL,3
2026-03-11,Internet Fixe,FO,13
2026-03-11,Internet Fixe,WAFI,8
2026-03-11,Internet Fixe,Box,35
2026-03-11,Mobile,Prepaye,31
2026-03-11,Mobile,Postpaye,13
2026-03-11,Mobile,Data,23
2026-03-12,Internet Fixe,Rapido,8
2026-03-12,Internet Fixe,ADSL,0
2026-03-12,Internet Fixe,VDSL,13
2026-03-12,Internet Fixe,FO,13
2026-03-12,Internet Fixe,WAFI,4
2026-03-12,Internet Fixe,Box,24
2026-03-12,Mobile,Prepaye,46
2026-03-12,Mobile,Postpaye,10
2026-03-12,Mobile,Data,21
2026-03-13,Internet Fixe,Rapido,4
2026-03-13,Internet Fixe,ADSL,6
2026-03-13,Internet Fixe,VDSL,6
2026-03-13,Internet Fixe,FO,12
2026-03-13,Internet Fixe,WAFI,4
2026-03-13,Internet Fixe,Box,28
2026-03-13,Mobile,Prepaye,46
2026-03-13,Mobile,Postpaye,16
2026-03-13,Mobile,Data,15
2026-03-14,Internet Fixe,Rapido,3
2026-03-14,Internet Fixe,ADSL,0
2026-03-14,Internet Fixe,VDSL,3
2026-03-14,Internet Fixe,FO,6
2026-03-14,Internet Fixe,WAFI,1
2026-03-14,Internet Fixe,Box,7
2026-03-14,Mobile,Prepaye,14
2026-03-14,Mobile,Postpaye,5
2026-03-14,Mobile,Data,8
2026-03-15,Internet Fixe,Rapido,1
2026-03-15,Internet Fixe,ADSL,5
2026-03-15,Internet Fixe,VDSL,4
2026-03-15,Internet Fixe,FO,7
2026-03-15,Internet Fixe,WAFI,0
2026-03-15,Internet Fixe,Box,11
2026-03-15,Mobile,Prepaye,20
2026-03-15,Mobile,Postpaye,6
2026-03-15,Mobile,Data,11
2026-03-16,Internet Fixe,Rapido,7
2026-03-16,Internet Fixe,ADSL,3
2026-03-16,Internet Fixe,VDSL,9
2026-03-16,Internet Fixe,FO,14
2026-03-16,Internet Fixe,WAFI,4
2026-03-16,Internet Fixe,Box,20
2026-03-16,Mobile,Prepaye,25
2026-03-16,Mobile,Postpaye,11
2026-03-16,Mobile,Data,17
2026-03-17,Internet Fixe,Rapido,9
2026-03-17,Internet Fixe,ADSL,4
2026-03-17,Internet Fixe,VDSL,11
2026-03-17,Internet Fixe,FO,9
2026-03-17,Internet Fixe,WAFI,5
2026-03-17,Internet Fixe,Box,37
2026-03-17,Mobile,Prepaye,37
2026-03-17,Mobile,Postpaye,14
2026-03-17,Mobile,Data,29
2026-03-18,Internet Fixe,Rapido,7
2026-03-18,Internet Fixe,ADSL,1
2026-03-18,Internet Fixe,VDSL,11
2026-03-18,Internet Fixe,FO,11
2026-03-18,Internet Fixe,WAFI,2
2026-03-18,Internet Fixe,Box,24
2026-03-18,Mobile,Prepaye,38
2026-03-18,Mobile,Postpaye,14
2026-03-18,Mobile,Data,13
2026-03-19,Internet Fixe,Rapido,5
2026-03-19,Internet Fixe,ADSL,3
2026-03-19,Internet Fixe,VDSL,3
2026-03-19,Internet Fixe,FO,9
2026-03-19,Internet Fixe,WAFI,4
2026-03-19,Internet Fixe,Box,21
2026-03-19,Mobile,Prepaye,38
2026-03-19,Mobile,Postpaye,16
2026-03-19,Mobile,Data,14
2026-03-20,Internet Fixe,Rapido,5
2026-03-20,Internet Fixe,ADSL,4
2026-03-20,Internet Fixe,VDSL,8
2026-03-20,Internet Fixe,FO,9
2026-03-20,Internet Fixe,WAFI,2
2026-03-20,Internet Fixe,Box,20
2026-03-20,Mobile,Prepaye,37
2026-03-20,Mobile,Postpaye,18
2026-03-20,Mobile,Data,16
2026-03-21,Internet Fixe,Rapido,2
2026-03-21,Internet Fixe,ADSL,1
2026-03-21,Internet Fixe,VDSL,3
2026-03-21,Internet Fixe,FO,11
2026-03-21,Internet Fixe,WAFI,1
2026-03-21,Internet Fixe,Box,10
2026-03-21,Mobile,Prepaye,10
2026-03-21,Mobile,Postpaye,7
2026-03-21,Mobile,Data,13
2026-03-22,Internet Fixe,Rapido,2
2026-03-22,Internet Fixe,ADSL,1
2026-03-22,Internet Fixe,VDSL,4
2026-03-22,Internet Fixe,FO,6
2026-03-22,Internet Fixe,WAFI,3
2026-03-22,Internet Fixe,Box,10
2026-03-22,Mobile,Prepaye,18
2026-03-22,Mobile,Postpaye,9
2026-03-22,Mobile,Data,9
2026-03-23,Internet Fixe,Rapido,4
2026-03-23,Internet Fixe,ADSL,4
2026-03-23,Internet Fixe,VDSL,10
2026-03-23,Internet Fixe,FO,13
2026-03-23,Internet Fixe,WAFI,2
2026-03-23,Internet Fixe,Box,25
2026-03-23,Mobile,Prepaye,37
2026-03-23,Mobile,Postpaye,8
2026-03-23,Mobile,Data,15
2026-03-24,Internet Fixe,Rapido,1
2026-03-24,Internet Fixe,ADSL,3
2026-03-24,Internet Fixe,VDSL,7
2026-03-24,Internet Fixe,FO,9
2026-03-24,Internet Fixe,WAFI,7
2026-03-24,Internet Fixe,Box,27
2026-03-24,Mobile,Prepaye,22
2026-03-24,Mobile,Postpaye,21
2026-03-24,Mobile,Data,23
2026-03-25,Internet Fixe,Rapido,9
2026-03-25,Internet Fixe,ADSL,2
2026-03-25,Internet Fixe,VDSL,4
2026-03-25,Internet Fixe,FO,6
2026-03-25,Internet Fixe,WAFI,3
2026-03-25,Internet Fixe,Box,19
2026-03-25,Mobile,Prepaye,35
2026-03-25,Mobile,Postpaye,20
2026-03-25,Mobile,Data,26
2026-03-26,Internet Fixe,Rapido,7
2026-03-26,Internet Fixe,ADSL,3
2026-03-26,Internet Fixe,VDSL,4
2026-03-26,Internet Fixe,FO,8
2026-03-26,Internet Fixe,WAFI,4
2026-03-26,Internet Fixe,Box,28
2026-03-26,Mobile,Prepaye,43
2026-03-26,Mobile,Postpaye,15
2026-03-26,Mobile,Data,15
2026-03-27,Internet Fixe,Rapido,8
2026-03-27,Internet Fixe,ADSL,2
2026-03-27,Internet Fixe,VDSL,7
2026-03-27,Internet Fixe,FO,15
2026-03-27,Internet Fixe,WAFI,3
2026-03-27,Internet Fixe,Box,19
2026-03-27,Mobile,Prepaye,42
2026-03-27,Mobile,Postpaye,10
2026-03-27,Mobile,Data,17
2026-03-28,Internet Fixe,Rapido,1
2026-03-28,Internet Fixe,ADSL,1
2026-03-28,Internet Fixe,VDSL,3
2026-03-28,Internet Fixe,FO,7
2026-03-28,Internet Fixe,WAFI,2
2026-03-28,Internet Fixe,Box,10
2026-03-28,Mobile,Prepaye,18
2026-03-28,Mobile,Postpaye,10
2026-03-28,Mobile,Data,5
2026-03-29,Internet Fixe,Rapido,1
2026-03-29,Internet Fixe,ADSL,2
2026-03-29,Internet Fixe,VDSL,1
2026-03-29,Internet Fixe,FO,5
2026-03-29,Internet Fixe,WAFI,3
2026-03-29,Internet Fixe,Box,8
2026-03-29,Mobile,Prepaye,11
2026-03-29,Mobile,Postpaye,3
2026-03-29,Mobile,Data,11
2026-03-30,Internet Fixe,Rapido,5
2026-03-30,Internet Fixe,ADSL,7
2026-03-30,Internet Fixe,VDSL,3
2026-03-30,Internet Fixe,FO,14
2026-03-30,Internet Fixe,WAFI,5
2026-03-30,Internet Fixe,Box,22
2026-03-30,Mobile,Prepaye,27
2026-03-30,Mobile,Postpaye,9
2026-03-30,Mobile,Data,22
2026-03-31,Internet Fixe,Rapido,11
2026-03-31,Internet Fixe,ADSL,3
2026-03-31,Internet Fixe,VDSL,11
2026-03-31,Internet Fixe,FO,8
2026-03-31,Internet Fixe,WAFI,2
2026-03-31,Internet Fixe,Box,27
2026-03-31,Mobile,Prepaye,33
2026-03-31,Mobile,Postpaye,20
2026-03-31,Mobile,Data,24
2026-04-01,Internet Fixe,Rapido,9
2026-04-01,Internet Fixe,ADSL,2
2026-04-01,Internet Fixe,VDSL,6
2026-04-01,Internet Fixe,FO,16
2026-04-01,Internet Fixe,WAFI,4
2026-04-01,Internet Fixe,Box,29
2026-04-01,Mobile,Prepaye,35
2026-04-01,Mobile,Postpaye,23
2026-04-01,Mobile,Data,23
2026-04-02,Internet Fixe,Rapido,3
2026-04-02,Internet Fixe,ADSL,4
2026-04-02,Internet Fixe,VDSL,2
2026-04-02,Internet Fixe,FO,12
2026-04-02,Internet Fixe,WAFI,8
2026-04-02,Internet Fixe,Box,30
2026-04-02,Mobile,Prepaye,34
2026-04-02,Mobile,Postpaye,14
2026-04-02,Mobile,Data,22
2026-04-03,Internet Fixe,Rapido,3
2026-04-03,Internet Fixe,ADSL,4
2026-04-03,Internet Fixe,VDSL,10
2026-04-03,Internet Fixe,FO,9
2026-04-03,Internet Fixe,WAFI,0
2026-04-03,Internet Fixe,Box,25
2026-04-03,Mobile,Prepaye,38
2026-04-03,Mobile,Postpaye,20
2026-04-03,Mobile,Data,27
2026-04-04,Internet Fixe,Rapido,1
2026-04-04,Internet Fixe,ADSL,1
2026-04-04,Internet Fixe,VDSL,5
2026-04-04,Internet Fixe,FO,4
2026-04-04,Internet Fixe,WAFI,3
2026-04-04,Internet Fixe,Box,19
2026-04-04,Mobile,Prepaye,19
2026-04-04,Mobile,Postpaye,4
2026-04-04,Mobile,Data,6
2026-04-05,Internet Fixe,Rapido,4
2026-04-05,Internet Fixe,ADSL,1
2026-04-05,Internet Fixe,VDSL,3
2026-04-05,Internet Fixe,FO,8
2026-04-05,Internet Fixe,WAFI,2
2026-04-05,Internet Fixe,Box,14
2026-04-05,Mobile,Prepaye,19
2026-04-05,Mobile,Postpaye,6
2026-04-05,Mobile,Data,12
2026-04-06,Internet Fixe,Rapido,6
2026-04-06,Internet Fixe,ADSL,6
2026-04-06,Internet Fixe,VDSL,12
2026-04-06,Internet Fixe,FO,9
2026-04-06,Internet Fixe,WAFI,6
2026-04-06,Internet Fixe,Box,17
2026-04-06,Mobile,Prepaye,42
2026-04-06,Mobile,Postpaye,11
2026-04-06,Mobile,Data,15
2026-04-07,Internet Fixe,Rapido,8
2026-04-07,Internet Fixe,ADSL,5
2026-04-07,Internet Fixe,VDSL,4
2026-04-07,Internet Fixe,FO,11
2026-04-07,Internet Fixe,WAFI,0
2026-04-07,Internet Fixe,Box,31
2026-04-07,Mobile,Prepaye,41
2026-04-07,Mobile,Postpaye,18
2026-04-07,Mobile,Data,19
2026-04-08,Internet Fixe,Rapido,7
2026-04-08,Internet Fixe,ADSL,1
2026-04-08,Internet Fixe,VDSL,5
2026-04-08,Internet Fixe,FO,13
2026-04-08,Internet Fixe,WAFI,6
2026-04-08,Internet Fixe,Box,24
2026-04-08,Mobile,Prepaye,52
2026-04-08,Mobile,Postpaye,17
2026-04-08,Mobile,Data,29
2026-04-09,Internet Fixe,Rapido,9
2026-04-09,Internet Fixe,ADSL,1
2026-04-09,Internet Fixe,VDSL,9
2026-04-09,Internet Fixe,FO,17
2026-04-09,Internet Fixe,WAFI,6
2026-04-09,Internet Fixe,Box,25
2026-04-09,Mobile,Prepaye,41
2026-04-09,Mobile,Postpaye,10
2026-04-09,Mobile,Data,25
2026-04-10,Internet Fixe,Rapido,7
2026-04-10,Internet Fixe,ADSL,2
2026-04-10,Internet Fixe,VDSL,6
2026-04-10,Internet Fixe,FO,9
2026-04-10,Internet Fixe,WAFI,5
2026-04-10,Internet Fixe,Box,16
2026-04-10,Mobile,Prepaye,32
2026-04-10,Mobile,Postpaye,16
2026-04-10,Mobile,Data,25
2026-04-11,Internet Fixe,Rapido,4
2026-04-11,Internet Fixe,ADSL,5
2026-04-11,Internet Fixe,VDSL,2
2026-04-11,Internet Fixe,FO,10
2026-04-11,Internet Fixe,WAFI,2
2026-04-11,Internet Fixe,Box,14
2026-04-11,Mobile,Prepaye,12
2026-04-11,Mobile,Postpaye,8
2026-04-11,Mobile,Data,7
2026-04-12,Internet Fixe,Rapido,3
2026-04-12,Internet Fixe,ADSL,1
2026-04-12,Internet Fixe,VDSL,2
2026-04-12,Internet Fixe,FO,0
2026-04-12,Internet Fixe,WAFI,0
2026-04-12,Internet Fixe,Box,4
2026-04-12,Mobile,Prepaye,15
2026-04-12,Mobile,Postpaye,6
2026-04-12,Mobile,Data,7
2026-04-13,Internet Fixe,Rapido,6
2026-04-13,Internet Fixe,ADSL,2
2026-04-13,Internet Fixe,VDSL,9
2026-04-13,Internet Fixe,FO,13
2026-04-13,Internet Fixe,WAFI,3
2026-04-13,Internet Fixe,Box,24
2026-04-13,Mobile,Prepaye,36
2026-04-13,Mobile,Postpaye,19
2026-04-13,Mobile,Data,22
2026-04-14,Internet Fixe,Rapido,5
2026-04-14,Internet Fixe,ADSL,3
2026-04-14,Internet Fixe,VDSL,6
2026-04-14,Internet Fixe,FO,14
2026-04-14,Internet Fixe,WAFI,2
2026-04-14,Internet Fixe,Box,38
2026-04-14,Mobile,Prepaye,44
2026-04-14,Mobile,Postpaye,16
2026-04-14,Mobile,Data,15
2026-04-15,Internet Fixe,Rapido,2
2026-04-15,Internet Fixe,ADSL,7
2026-04-15,Internet Fixe,VDSL,9
2026-04-15,Internet Fixe,FO,14
2026-04-15,Internet Fixe,WAFI,2
2026-04-15,Internet Fixe,Box,23
2026-04-15,Mobile,Prepaye,40
2026-04-15,Mobile,Postpaye,7
2026-04-15,Mobile,Data,26
2026-04-16,Internet Fixe,Rapido,3
2026-04-16,Internet Fixe,ADSL,2
2026-04-16,Internet Fixe,VDSL,8
2026-04-16,Internet Fixe,FO,14
2026-04-16,Internet Fixe,WAFI,3
2026-04-16,Internet Fixe,Box,24
2026-04-16,Mobile,Prepaye,38
2026-04-16,Mobile,Postpaye,20
2026-04-16,Mobile,Data,26
2026-04-17,Internet Fixe,Rapido,7
2026-04-17,Internet Fixe,ADSL,4
2026-04-17,Internet Fixe,VDSL,6
2026-04-17,Internet Fixe,FO,8
2026-04-17,Internet Fixe,WAFI,2
2026-04-17,Internet Fixe,Box,28
2026-04-17,Mobile,Prepaye,36
2026-04-17,Mobile,Postpaye,13
2026-04-17,Mobile,Data,17
2026-04-18,Internet Fixe,Rapido,3
2026-04-18,Internet Fixe,ADSL,0
2026-04-18,Internet Fixe,VDSL,5
2026-04-18,Internet Fixe,FO,2
2026-04-18,Internet Fixe,WAFI,1
2026-04-18,Internet Fixe,Box,11
2026-04-18,Mobile,Prepaye,12
2026-04-18,Mobile,Postpaye,5
2026-04-18,Mobile,Data,10
2026-04-19,Internet Fixe,Rapido,2
2026-04-19,Internet Fixe,ADSL,0
2026-04-19,Internet Fixe,VDSL,5
2026-04-19,Internet Fixe,FO,11
2026-04-19,Internet Fixe,WAFI,0
2026-04-19,Internet Fixe,Box,10
2026-04-19,Mobile,Prepaye,9
2026-04-19,Mobile,Postpaye,10
2026-04-19,Mobile,Data,9
2026-04-20,Internet Fixe,Rapido,5
2026-04-20,Internet Fixe,ADSL,1
2026-04-20,Internet Fixe,VDSL,6
2026-04-20,Internet Fixe,FO,12
2026-04-20,Internet Fixe,WAFI,4
2026-04-20,Internet Fixe,Box,24
2026-04-20,Mobile,Prepaye,32
2026-04-20,Mobile,Postpaye,14
2026-04-20,Mobile,Data,25
2026-04-21,Internet Fixe,Rapido,7
2026-04-21,Internet Fixe,ADSL,2
2026-04-21,Internet Fixe,VDSL,11
2026-04-21,Internet Fixe,FO,16
2026-04-21,Internet Fixe,WAFI,7
2026-04-21,Internet Fixe,Box,27
2026-04-21,Mobile,Prepaye,35
2026-04-21,Mobile,Postpaye,15
2026-04-21,Mobile,Data,21
2026-04-22,Internet Fixe,Rapido,8
2026-04-22,Internet Fixe,ADSL,4
2026-04-22,Internet Fixe,VDSL,4
2026-04-22,Internet Fixe,FO,13
2026-04-22,Internet Fixe,WAFI,5
2026-04-22,Internet Fixe,Box,26
2026-04-22,Mobile,Prepaye,35
2026-04-22,Mobile,Postpaye,22
2026-04-22,Mobile,Data,19
2026-04-23,Internet Fixe,Rapido,6
2026-04-23,Internet Fixe,ADSL,0
2026-04-23,Internet Fixe,VDSL,9
2026-04-23,Internet Fixe,FO,12
2026-04-23,Internet Fixe,WAFI,2
2026-04-23,Internet Fixe,Box,19
2026-04-23,Mobile,Prepaye,28
2026-04-23,Mobile,Postpaye,12
2026-04-23,Mobile,Data,27
2026-04-24,Internet Fixe,Rapido,10
2026-04-24,Internet Fixe,ADSL,5
2026-04-24,Internet Fixe,VDSL,5
2026-04-24,Internet Fixe,FO,10
2026-04-24,Internet Fixe,WAFI,4
2026-04-24,Internet Fixe,Box,28
2026-04-24,Mobile,Prepaye,43
2026-04-24,Mobile,Postpaye,16
2026-04-24,Mobile,Data,14
2026-04-25,Internet Fixe,Rapido,1
2026-04-25,Internet Fixe,ADSL,1
2026-04-25,Internet Fixe,VDSL,2
2026-04-25,Internet Fixe,FO,4
2026-04-25,Internet Fixe,WAFI,0
2026-04-25,Internet Fixe,Box,9
2026-04-25,Mobile,Prepaye,20
2026-04-25,Mobile,Postpaye,8
2026-04-25,Mobile,Data,10
2026-04-26,Internet Fixe,Rapido,1
2026-04-26,Internet Fixe,ADSL,1
2026-04-26,Internet Fixe,VDSL,1
2026-04-26,Internet Fixe,FO,3
2026-04-26,Internet Fixe,WAFI,3
2026-04-26,Internet Fixe,Box,9
2026-04-26,Mobile,Prepaye,15
2026-04-26,Mobile,Postpaye,7
2026-04-26,Mobile,Data,9
2026-04-27,Internet Fixe,Rapido,6
2026-04-27,Internet Fixe,ADSL,0
2026-04-27,Internet Fixe,VDSL,6
2026-04-27,Internet Fixe,FO,19
2026-04-27,Internet Fixe,WAFI,6
2026-04-27,Internet Fixe,Box,38
2026-04-27,Mobile,Prepaye,39
2026-04-27,Mobile,Postpaye,15
2026-04-27,Mobile,Data,24
2026-04-28,Internet Fixe,Rapido,2
2026-04-28,Internet Fixe,ADSL,4
2026-04-28,Internet Fixe,VDSL,7
2026-04-28,Internet Fixe,FO,22
2026-04-28,Internet Fixe,WAFI,3
2026-04-28,Internet Fixe,Box,23
2026-04-28,Mobile,Prepaye,29
2026-04-28,Mobile,Postpaye,15
2026-04-28,Mobile,Data,21
2026-04-29,Internet Fixe,Rapido,6
2026-04-29,Internet Fixe,ADSL,5
2026-04-29,Internet Fixe,VDSL,9
2026-04-29,Internet Fixe,FO,14
2026-04-29,Internet Fixe,WAFI,3
2026-04-29,Internet Fixe,Box,19
2026-04-29,Mobile,Prepaye,41
2026-04-29,Mobile,Postpaye,6
2026-04-29,Mobile,Data,20
2026-04-30,Internet Fixe,Rapido,6
2026-04-30,Internet Fixe,ADSL,2
2026-04-30,Internet Fixe,VDSL,10
2026-04-30,Internet Fixe,FO,22
2026-04-30,Internet Fixe,WAFI,2
2026-04-30,Internet Fixe,Box,22
2026-04-30,Mobile,Prepaye,41
2026-04-30,Mobile,Postpaye,19
2026-04-30,Mobile,Data,23
2026-05-01,Internet Fixe,Rapido,2
2026-05-01,Internet Fixe,ADSL,5
2026-05-01,Internet Fixe,VDSL,8
2026-05-01,Internet Fixe,FO,12
2026-05-01,Internet Fixe,WAFI,2
2026-05-01,Internet Fixe,Box,30
2026-05-01,Mobile,Prepaye,42
2026-05-01,Mobile,Postpaye,13
2026-05-01,Mobile,Data,23
2026-05-02,Internet Fixe,Rapido,2
2026-05-02,Internet Fixe,ADSL,0
2026-05-02,Internet Fixe,VDSL,6
2026-05-02,Internet Fixe,FO,4
2026-05-02,Internet Fixe,WAFI,2
2026-05-02,Internet Fixe,Box,13
2026-05-02,Mobile,Prepaye,24
2026-05-02,Mobile,Postpaye,7
2026-05-02,Mobile,Data,13
2026-05-03,Internet Fixe,Rapido,0
2026-05-03,Internet Fixe,ADSL,0
2026-05-03,Internet Fixe,VDSL,5
2026-05-03,Internet Fixe,FO,10
2026-05-03,Internet Fixe,WAFI,1
2026-05-03,Internet Fixe,Box,16
2026-05-03,Mobile,Prepaye,20
2026-05-03,Mobile,Postpaye,8
2026-05-03,Mobile,Data,8
2026-05-04,Internet Fixe,Rapido,2
2026-05-04,Internet Fixe,ADSL,3
2026-05-04,Internet Fixe,VDSL,6
2026-05-04,Internet Fixe,FO,16
2026-05-04,Internet Fixe,WAFI,3
2026-05-04,Internet Fixe,Box,22
2026-05-04,Mobile,Prepaye,38
2026-05-04,Mobile,Postpaye,8
2026-05-04,Mobile,Data,21
2026-05-05,Internet Fixe,Rapido,10
2026-05-05,Internet Fixe,ADSL,3
2026-05-05,Internet Fixe,VDSL,3
2026-05-05,Internet Fixe,FO,13
2026-05-05,Internet Fixe,WAFI,3
2026-05-05,Internet Fixe,Box,20
2026-05-05,Mobile,Prepaye,41
2026-05-05,Mobile,Postpaye,13
2026-05-05,Mobile,Data,17
2026-05-06,Internet Fixe,Rapido,2
2026-05-06,Internet Fixe,ADSL,2
2026-05-06,Internet Fixe,VDSL,7
2026-05-06,Internet Fixe,FO,10
2026-05-06,Internet Fixe,WAFI,2
2026-05-06,Internet Fixe,Box,28
2026-05-06,Mobile,Prepaye,40
2026-05-06,Mobile,Postpaye,15
2026-05-06,Mobile,Data,19
2026-05-07,Internet Fixe,Rapido,1
2026-05-07,Internet Fixe,ADSL,5
2026-05-07,Internet Fixe,VDSL,4
2026-05-07,Internet Fixe,FO,12
2026-05-07,Internet Fixe,WAFI,3
2026-05-07,Internet Fixe,Box,27
2026-05-07,Mobile,Prepaye,30
2026-05-07,Mobile,Postpaye,16
2026-05-07,Mobile,Data,19
2026-05-08,Internet Fixe,Rapido,8
2026-05-08,Internet Fixe,ADSL,2
2026-05-08,Internet Fixe,VDSL,6
2026-05-08,Internet Fixe,FO,6
2026-05-08,Internet Fixe,WAFI,7
2026-05-08,Internet Fixe,Box,20
2026-05-08,Mobile,Prepaye,45
2026-05-08,Mobile,Postpaye,15
2026-05-08,Mobile,Data,25
2026-05-09,Internet Fixe,Rapido,5
2026-05-09,Internet Fixe,ADSL,0
2026-05-09,Internet Fixe,VDSL,4
2026-05-09,Internet Fixe,FO,5
2026-05-09,Internet Fixe,WAFI,6
2026-05-09,Internet Fixe,Box,14
2026-05-09,Mobile,Prepaye,20
2026-05-09,Mobile,Postpaye,7
2026-05-09,Mobile,Data,10
2026-05-10,Internet Fixe,Rapido,2
2026-05-10,Internet Fixe,ADSL,0
2026-05-10,Internet Fixe,VDSL,2
2026-05-10,Internet Fixe,FO,4
2026-05-10,Internet Fixe,WAFI,1
2026-05-10,Internet Fixe,Box,16
2026-05-10,Mobile,Prepaye,18
2026-05-10,Mobile,Postpaye,6
2026-05-10,Mobile,Data,8
2026-05-11,Internet Fixe,Rapido,5
2026-05-11,Internet Fixe,ADSL,2
2026-05-11,Internet Fixe,VDSL,8
2026-05-11,Internet Fixe,FO,6
2026-05-11,Internet Fixe,WAFI,3
2026-05-11,Internet Fixe,Box,32
2026-05-11,Mobile,Prepaye,37
2026-05-11,Mobile,Postpaye,13
2026-05-11,Mobile,Data,18
2026-05-12,Internet Fixe,Rapido,4
2026-05-12,Internet Fixe,ADSL,1
2026-05-12,Internet Fixe,VDSL,9
2026-05-12,Internet Fixe,FO,9
2026-05-12,Internet Fixe,WAFI,4
2026-05-12,Internet Fixe,Box,19
2026-05-12,Mobile,Prepaye,29
2026-05-12,Mobile,Postpaye,16
2026-05-12,Mobile,Data,22
2026-05-13,Internet Fixe,Rapido,2
2026-05-13,Internet Fixe,ADSL,0
2026-05-13,Internet Fixe,VDSL,6
2026-05-13,Internet Fixe,FO,14
2026-05-13,Internet Fixe,WAFI,2
2026-05-13,Internet Fixe,Box,29
2026-05-13,Mobile,Prepaye,37
2026-05-13,Mobile,Postpaye,15
2026-05-13,Mobile,Data,14
2026-05-14,Internet Fixe,Rapido,3
2026-05-14,Internet Fixe,ADSL,5
2026-05-14,Internet Fixe,VDSL,11
2026-05-14,Internet Fixe,FO,16
2026-05-14,Internet Fixe,WAFI,5
2026-05-14,Internet Fixe,Box,28
2026-05-14,Mobile,Prepaye,42
2026-05-14,Mobile,Postpaye,8
2026-05-14,Mobile,Data,20
2026-05-15,Internet Fixe,Rapido,9
2026-05-15,Internet Fixe,ADSL,3
2026-05-15,Internet Fixe,VDSL,8
2026-05-15,Internet Fixe,FO,8
2026-05-15,Internet Fixe,WAFI,4
2026-05-15,Internet Fixe,Box,26
2026-05-15,Mobile,Prepaye,35
2026-05-15,Mobile,Postpaye,14
2026-05-15,Mobile,Data,17
2026-05-16,Internet Fixe,Rapido,3
2026-05-16,Internet Fixe,ADSL,2
2026-05-16,Internet Fixe,VDSL,1
2026-05-16,Internet Fixe,FO,7
2026-05-16,Internet Fixe,WAFI,2
2026-05-16,Internet Fixe,Box,13
2026-05-16,Mobile,Prepaye,10
2026-05-16,Mobile,Postpaye,5
2026-05-16,Mobile,Data,5
2026-05-17,Internet Fixe,Rapido,5
2026-05-17,Internet Fixe,ADSL,2
2026-05-17,Internet Fixe,VDSL,3
2026-05-17,Internet Fixe,FO,9
2026-05-17,Internet Fixe,WAFI,0
2026-05-17,Internet Fixe,Box,14
2026-05-17,Mobile,Prepaye,23
2026-05-17,Mobile,Postpaye,4
2026-05-17,Mobile,Data,6
2026-05-18,Internet Fixe,Rapido,1
2026-05-18,Internet Fixe,ADSL,5
2026-05-18,Internet Fixe,VDSL,6
2026-05-18,Internet Fixe,FO,9
2026-05-18,Internet Fixe,WAFI,4
2026-05-18,Internet Fixe,Box,31
2026-05-18,Mobile,Prepaye,39
2026-05-18,Mobile,Postpaye,11
2026-05-18,Mobile,Data,20
2026-05-19,Internet Fixe,Rapido,5
2026-05-19,Internet Fixe,ADSL,3
2026-05-19,Internet Fixe,VDSL,10
2026-05-19,Internet Fixe,FO,15
2026-05-19,Internet Fixe,WAFI,7
2026-05-19,Internet Fixe,Box,30
2026-05-19,Mobile,Prepaye,38
2026-05-19,Mobile,Postpaye,14
2026-05-19,Mobile,Data,22
2026-05-20,Internet Fixe,Rapido,2
2026-05-20,Internet Fixe,ADSL,2
2026-05-20,Internet Fixe,VDSL,7
2026-05-20,Internet Fixe,FO,16
2026-05-20,Internet Fixe,WAFI,5
2026-05-20,Internet Fixe,Box,19
2026-05-20,Mobile,Prepaye,43
2026-05-20,Mobile,Postpaye,18
2026-05-20,Mobile,Data,26
2026-05-21,Internet Fixe,Rapido,8
2026-05-21,Internet Fixe,ADSL,2
2026-05-21,Internet Fixe,VDSL,10
2026-05-21,Internet Fixe,FO,12
2026-05-21,Internet Fixe,WAFI,5
2026-05-21,Internet Fixe,Box,30
2026-05-21,Mobile,Prepaye,40
2026-05-21,Mobile,Postpaye,13
2026-05-21,Mobile,Data,17
2026-05-22,Internet Fixe,Rapido,2
2026-05-22,Internet Fixe,ADSL,1
2026-05-22,Internet Fixe,VDSL,9
2026-05-22,Internet Fixe,FO,20
2026-05-22,Internet Fixe,WAFI,1
2026-05-22,Internet Fixe,Box,20
2026-05-22,Mobile,Prepaye,30
2026-05-22,Mobile,Postpaye,18
2026-05-22,Mobile,Data,26
2026-05-23,Internet Fixe,Rapido,4
2026-05-23,Internet Fixe,ADSL,0
2026-05-23,Internet Fixe,VDSL,3
2026-05-23,Internet Fixe,FO,6
2026-05-23,Internet Fixe,WAFI,0
2026-05-23,Internet Fixe,Box,4
2026-05-23,Mobile,Prepaye,11
2026-05-23,Mobile,Postpaye,7
2026-05-23,Mobile,Data,8
2026-05-24,Internet Fixe,Rapido,4
2026-05-24,Internet Fixe,ADSL,4
2026-05-24,Internet Fixe,VDSL,2
2026-05-24,Internet Fixe,FO,5
2026-05-24,Internet Fixe,WAFI,0
2026-05-24,Internet Fixe,Box,9
2026-05-24,Mobile,Prepaye,20
2026-05-24,Mobile,Postpaye,7
2026-05-24,Mobile,Data,6
2026-05-25,Internet Fixe,Rapido,5
2026-05-25,Internet Fixe,ADSL,2
2026-05-25,Internet Fixe,VDSL,5
2026-05-25,Internet Fixe,FO,10
2026-05-25,Internet Fixe,WAFI,5
2026-05-25,Internet Fixe,Box,29
2026-05-25,Mobile,Prepaye,30
2026-05-25,Mobile,Postpaye,10
2026-05-25,Mobile,Data,28
2026-05-26,Internet Fixe,Rapido,5
2026-05-26,Internet Fixe,ADSL,2
2026-05-26,Internet Fixe,VDSL,3
2026-05-26,Internet Fixe,FO,10
2026-05-26,Internet Fixe,WAFI,2
2026-05-26,Internet Fixe,Box,27
2026-05-26,Mobile,Prepaye,30
2026-05-26,Mobile,Postpaye,14
2026-05-26,Mobile,Data,21
2026-05-27,Internet Fixe,Rapido,7
2026-05-27,Internet Fixe,ADSL,3
2026-05-27,Internet Fixe,VDSL,7
2026-05-27,Internet Fixe,FO,15
2026-05-27,Internet Fixe,WAFI,5
2026-05-27,Internet Fixe,Box,22
2026-05-27,Mobile,Prepaye,29
2026-05-27,Mobile,Postpaye,21
2026-05-27,Mobile,Data,22
2026-05-28,Internet Fixe,Rapido,7
2026-05-28,Internet Fixe,ADSL,4
2026-05-28,Internet Fixe,VDSL,4
2026-05-28,Internet Fixe,FO,13
2026-05-28,Internet Fixe,WAFI,2
2026-05-28,Internet Fixe,Box,33
2026-05-28,Mobile,Prepaye,37
2026-05-28,Mobile,Postpaye,12
2026-05-28,Mobile,Data,17
2026-05-29,Internet Fixe,Rapido,8
2026-05-29,Internet Fixe,ADSL,3
2026-05-29,Internet Fixe,VDSL,12
2026-05-29,Internet Fixe,FO,8
2026-05-29,Internet Fixe,WAFI,3
2026-05-29,Internet Fixe,Box,25
2026-05-29,Mobile,Prepaye,31
2026-05-29,Mobile,Postpaye,14
2026-05-29,Mobile,Data,27
2026-05-30,Internet Fixe,Rapido,3
2026-05-30,Internet Fixe,ADSL,2
2026-05-30,Internet Fixe,VDSL,6
2026-05-30,Internet Fixe,FO,6
2026-05-30,Internet Fixe,WAFI,1
2026-05-30,Internet Fixe,Box,12
2026-05-30,Mobile,Prepaye,19
2026-05-30,Mobile,Postpaye,14
2026-05-30,Mobile,Data,10
2026-05-31,Internet Fixe,Rapido,5
2026-05-31,Internet Fixe,ADSL,1
2026-05-31,Internet Fixe,VDSL,4
2026-05-31,Internet Fixe,FO,7
2026-05-31,Internet Fixe,WAFI,0
2026-05-31,Internet Fixe,Box,13
2026-05-31,Mobile,Prepaye,14
2026-05-31,Mobile,Postpaye,3
2026-05-31,Mobile,Data,9
2026-06-01,Internet Fixe,Rapido,3
2026-06-01,Internet Fixe,ADSL,2
2026-06-01,Internet Fixe,VDSL,4
2026-06-01,Internet Fixe,FO,15
2026-06-01,Internet Fixe,WAFI,6
2026-06-01,Internet Fixe,Box,18
2026-06-01,Mobile,Prepaye,37
2026-06-01,Mobile,Postpaye,7
2026-06-01,Mobile,Data,19
2026-06-02,Internet Fixe,Rapido,3
2026-06-02,Internet Fixe,ADSL,1
2026-06-02,Internet Fixe,VDSL,10
2026-06-02,Internet Fixe,FO,13
2026-06-02,Internet Fixe,WAFI,7
2026-06-02,Internet Fixe,Box,28
2026-06-02,Mobile,Prepaye,38
2026-06-02,Mobile,Postpaye,12
2026-06-02,Mobile,Data,23
2026-06-03,Internet Fixe,Rapido,5
2026-06-03,Internet Fixe,ADSL,1
2026-06-03,Internet Fixe,VDSL,7
2026-06-03,Internet Fixe,FO,14
2026-06-03,Internet Fixe,WAFI,2
2026-06-03,Internet Fixe,Box,27
2026-06-03,Mobile,Prepaye,24
2026-06-03,Mobile,Postpaye,13
2026-06-03,Mobile,Data,22
2026-06-04,Internet Fixe,Rapido,6
2026-06-04,Internet Fixe,ADSL,4
2026-06-04,Internet Fixe,VDSL,9
2026-06-04,Internet Fixe,FO,6
2026-06-04,Internet Fixe,WAFI,4
2026-06-04,Internet Fixe,Box,25
2026-06-04,Mobile,Prepaye,29
2026-06-04,Mobile,Postpaye,13
2026-06-04,Mobile,Data,15
2026-06-05,Internet Fixe,Rapido,8
2026-06-05,Internet Fixe,ADSL,3
2026-06-05,Internet Fixe,VDSL,9
2026-06-05,Internet Fixe,FO,13
2026-06-05,Internet Fixe,WAFI,1
2026-06-05,Internet Fixe,Box,25
2026-06-05,Mobile,Prepaye,43
2026-06-05,Mobile,Postpaye,11
2026-06-05,Mobile,Data,14
2026-06-06,Internet Fixe,Rapido,4
2026-06-06,Internet Fixe,ADSL,0
2026-06-06,Internet Fixe,VDSL,2
2026-06-06,Internet Fixe,FO,5
2026-06-06,Internet Fixe,WAFI,4
2026-06-06,Internet Fixe,Box,12
2026-06-06,Mobile,Prepaye,10
2026-06-06,Mobile,Postpaye,6
2026-06-06,Mobile,Data,11
2026-06-07,Internet Fixe,Rapido,4
2026-06-07,Internet Fixe,ADSL,0
2026-06-07,Internet Fixe,VDSL,1
2026-06-07,Internet Fixe,FO,4
2026-06-07,Internet Fixe,WAFI,1
2026-06-07,Internet Fixe,Box,13
2026-06-07,Mobile,Prepaye,19
2026-06-07,Mobile,Postpaye,10
2026-06-07,Mobile,Data,8
2026-06-08,Internet Fixe,Rapido,9
2026-06-08,Internet Fixe,ADSL,4
2026-06-08,Internet Fixe,VDSL,5
2026-06-08,Internet Fixe,FO,12
2026-06-08,Internet Fixe,WAFI,3
2026-06-08,Internet Fixe,Box,27
2026-06-08,Mobile,Prepaye,25
2026-06-08,Mobile,Postpaye,8
2026-06-08,Mobile,Data,16
2026-06-09,Internet Fixe,Rapido,5
2026-06-09,Internet Fixe,ADSL,3
2026-06-09,Internet Fixe,VDSL,9
2026-06-09,Internet Fixe,FO,15
2026-06-09,Internet Fixe,WAFI,4
2026-06-09,Internet Fixe,Box,32
2026-06-09,Mobile,Prepaye,32
2026-06-09,Mobile,Postpaye,14
2026-06-09,Mobile,Data,16
2026-06-10,Internet Fixe,Rapido,6
2026-06-10,Internet Fixe,ADSL,1
2026-06-10,Internet Fixe,VDSL,8
2026-06-10,Internet Fixe,FO,9
2026-06-10,Internet Fixe,WAFI,5
2026-06-10,Internet Fixe,Box,23
2026-06-10,Mobile,Prepaye,38
2026-06-10,Mobile,Postpaye,11
2026-06-10,Mobile,Data,20
2026-06-11,Internet Fixe,Rapido,8
2026-06-11,Internet Fixe,ADSL,1
2026-06-11,Internet Fixe,VDSL,6
2026-06-11,Internet Fixe,FO,9
2026-06-11,Internet Fixe,WAFI,3
2026-06-11,Internet Fixe,Box,27
2026-06-11,Mobile,Prepaye,32
2026-06-11,Mobile,Postpaye,20
2026-06-11,Mobile,Data,16
2026-06-12,Internet Fixe,Rapido,3
2026-06-12,Internet Fixe,ADSL,5
2026-06-12,Internet Fixe,VDSL,6
2026-06-12,Internet Fixe,FO,11
2026-06-12,Internet Fixe,WAFI,2
2026-06-12,Internet Fixe,Box,27
2026-06-12,Mobile,Prepaye,33
2026-06-12,Mobile,Postpaye,12
2026-06-12,Mobile,Data,15
2026-06-13,Internet Fixe,Rapido,2
2026-06-13,Internet Fixe,ADSL,2
2026-06-13,Internet Fixe,VDSL,0
2026-06-13,Internet Fixe,FO,4
2026-06-13,Internet Fixe,WAFI,0
2026-06-13,Internet Fixe,Box,9
2026-06-13,Mobile,Prepaye,17
2026-06-13,Mobile,Postpaye,4
2026-06-13,Mobile,Data,9
2026-06-14,Internet Fixe,Rapido,6
2026-06-14,Internet Fixe,ADSL,1
2026-06-14,Internet Fixe,VDSL,2
2026-06-14,Internet Fixe,FO,5
2026-06-14,Internet Fixe,WAFI,1
2026-06-14,Internet Fixe,Box,13
2026-06-14,Mobile,Prepaye,15
2026-06-14,Mobile,Postpaye,6
2026-06-14,Mobile,Data,9
2026-06-15,Internet Fixe,Rapido,5
2026-06-15,Internet Fixe,ADSL,3
2026-06-15,Internet Fixe,VDSL,7
2026-06-15,Internet Fixe,FO,16
2026-06-15,Internet Fixe,WAFI,4
2026-06-15,Internet Fixe,Box,26
2026-06-15,Mobile,Prepaye,34
2026-06-15,Mobile,Postpaye,11
2026-06-15,Mobile,Data,22
2026-06-16,Internet Fixe,Rapido,4
2026-06-16,Internet Fixe,ADSL,0
2026-06-16,Internet Fixe,VDSL,8
2026-06-16,Internet Fixe,FO,12
2026-06-16,Internet Fixe,WAFI,4
2026-06-16,Internet Fixe,Box,32
2026-06-16,Mobile,Prepaye,24
2026-06-16,Mobile,Postpaye,15
2026-06-16,Mobile,Data,24
2026-06-17,Internet Fixe,Rapido,7
2026-06-17,Internet Fixe,ADSL,2
2026-06-17,Internet Fixe,VDSL,7
2026-06-17,Internet Fixe,FO,14
2026-06-17,Internet Fixe,WAFI,3
2026-06-17,Internet Fixe,Box,24
2026-06-17,Mobile,Prepaye,32
2026-06-17,Mobile,Postpaye,16
2026-06-17,Mobile,Data,15
2026-06-18,Internet Fixe,Rapido,3
2026-06-18,Internet Fixe,ADSL,5
2026-06-18,Internet Fixe,VDSL,8
2026-06-18,Internet Fixe,FO,7
2026-06-18,Internet Fixe,WAFI,3
2026-06-18,Internet Fixe,Box,16
2026-06-18,Mobile,Prepaye,36
2026-06-18,Mobile,Postpaye,12
2026-06-18,Mobile,Data,9
2026-06-19,Internet Fixe,Rapido,7
2026-06-19,Internet Fixe,ADSL,2
2026-06-19,Internet Fixe,VDSL,6
2026-06-19,Internet Fixe,FO,9
2026-06-19,Internet Fixe,WAFI,6
2026-06-19,Internet Fixe,Box,19
2026-06-19,Mobile,Prepaye,33
2026-06-19,Mobile,Postpaye,14
2026-06-19,Mobile,Data,7
2026-06-20,Internet Fixe,Rapido,3
2026-06-20,Internet Fixe,ADSL,0
2026-06-20,Internet Fixe,VDSL,1
2026-06-20,Internet Fixe,FO,5
2026-06-20,Internet Fixe,WAFI,1
2026-06-20,Internet Fixe,Box,19
2026-06-20,Mobile,Prepaye,22
2026-06-20,Mobile,Postpaye,9
2026-06-20,Mobile,Data,14
2026-06-21,Internet Fixe,Rapido,4
2026-06-21,Internet Fixe,ADSL,0
2026-06-21,Internet Fixe,VDSL,7
2026-06-21,Internet Fixe,FO,3
2026-06-21,Internet Fixe,WAFI,1
2026-06-21,Internet Fixe,Box,17
2026-06-21,Mobile,Prepaye,18
2026-06-21,Mobile,Postpaye,8
2026-06-21,Mobile,Data,7
2026-06-22,Internet Fixe,Rapido,6
2026-06-22,Internet Fixe,ADSL,3
2026-06-22,Internet Fixe,VDSL,7
2026-06-22,Internet Fixe,FO,16
2026-06-22,Internet Fixe,WAFI,7
2026-06-22,Internet Fixe,Box,28
2026-06-22,Mobile,Prepaye,34
2026-06-22,Mobile,Postpaye,11
2026-06-22,Mobile,Data,20
2026-06-23,Internet Fixe,Rapido,6
2026-06-23,Internet Fixe,ADSL,3
2026-06-23,Internet Fixe,VDSL,11
2026-06-23,Internet Fixe,FO,10
2026-06-23,Internet Fixe,WAFI,4
2026-06-23,Internet Fixe,Box,28
2026-06-23,Mobile,Prepaye,33
2026-06-23,Mobile,Postpaye,10
2026-06-23,Mobile,Data,16
2026-06-24,Internet Fixe,Rapido,5
2026-06-24,Internet Fixe,ADSL,3
2026-06-24,Internet Fixe,VDSL,8
2026-06-24,Internet Fixe,FO,17
2026-06-24,Internet Fixe,WAFI,2
2026-06-24,Internet Fixe,Box,23
2026-06-24,Mobile,Prepaye,31
2026-06-24,Mobile,Postpaye,16
2026-06-24,Mobile,Data,16
2026-06-25,Internet Fixe,Rapido,6
2026-06-25,Internet Fixe,ADSL,2
2026-06-25,Internet Fixe,VDSL,6
2026-06-25,Internet Fixe,FO,16
2026-06-25,Internet Fixe,WAFI,4
2026-06-25,Internet Fixe,Box,23
2026-06-25,Mobile,Prepaye,40
2026-06-25,Mobile,Postpaye,15
2026-06-25,Mobile,Data,18
2026-06-26,Internet Fixe,Rapido,10
2026-06-26,Internet Fixe,ADSL,1
2026-06-26,Internet Fixe,VDSL,5
2026-06-26,Internet Fixe,FO,7
2026-06-26,Internet Fixe,WAFI,10
2026-06-26,Internet Fixe,Box,36
2026-06-26,Mobile,Prepaye,29
2026-06-26,Mobile,Postpaye,16
2026-06-26,Mobile,Data,16
2026-06-27,Internet Fixe,Rapido,3
2026-06-27,Internet Fixe,ADSL,1
2026-06-27,Internet Fixe,VDSL,2
2026-06-27,Internet Fixe,FO,3
2026-06-27,Internet Fixe,WAFI,1
2026-06-27,Internet Fixe,Box,8
2026-06-27,Mobile,Prepaye,16
2026-06-27,Mobile,Postpaye,10
2026-06-27,Mobile,Data,14
2026-06-28,Internet Fixe,Rapido,3
2026-06-28,Internet Fixe,ADSL,0
2026-06-28,Internet Fixe,VDSL,3
2026-06-28,Internet Fixe,FO,9
2026-06-28,Internet Fixe,WAFI,2
2026-06-28,Internet Fixe,Box,8
2026-06-28,Mobile,Prepaye,15
2026-06-28,Mobile,Postpaye,6
2026-06-28,Mobile,Data,11
2026-06-29,Internet Fixe,Rapido,7
2026-06-29,Internet Fixe,ADSL,3
2026-06-29,Internet Fixe,VDSL,12
2026-06-29,Internet Fixe,FO,8
2026-06-29,Internet Fixe,WAFI,2
2026-06-29,Internet Fixe,Box,24
2026-06-29,Mobile,Prepaye,27
2026-06-29,Mobile,Postpaye,21
2026-06-29,Mobile,Data,18
2026-06-30,Internet Fixe,Rapido,10
2026-06-30,Internet Fixe,ADSL,3
2026-06-30,Internet Fixe,VDSL,4
2026-06-30,Internet Fixe,FO,9
2026-06-30,Internet Fixe,WAFI,9
2026-06-30,Internet Fixe,Box,28
2026-06-30,Mobile,Prepaye,30
2026-06-30,Mobile,Postpaye,17
2026-06-30,Mobile,Data,19
